serialNo,date,company,location,address,contactName,contactEmail,contactPhone,contactName2,contactEmail2,contactPhone2
1,2024-07-01,"Bashirian, Smitham and Fay",Reunion,16899 Schaefer Crescent,Mr. Alex Balistreri,Miguel_Homenick89@yahoo.com,(365) 926-0462 x3187,,,
2,2024-07-01,Prohaska LLC,United Kingdom,15561 Stamm Extensions,Steven Aufderhar,Amari36@gmail.com,1-985-595-4644,,,
3,2024-07-02,Jast - Krajcik,Rwanda,780 Birch Close,Beth Cremin,Tatum_Cremin@yahoo.com,1-917-513-9637 x11597,,,
4,2024-07-02,"Pacocha, Osinski and Flatley",Bhutan,413 Christiansen Expressway,Sidney Gutmann,Luella.Moen57@hotmail.com,(416) 410-5536,,,
5,2024-07-01,Abbott - Bernhard,Saint Kitts and Nevis,155 Torphy Hill,Alexandra Hills Jr.,Wilfredo.Deckow93@yahoo.com,855.416.1883 x413,,,
6,2024-07-02,Rice LLC,Albania,8273 Ritchie Creek,Sheldon Botsford,Victoria.Skiles50@hotmail.com,463-853-1258 x33673,,,
7,2024-07-02,Klein and Sons,Guam,19236 Oak Road,Ms. Bridget Ullrich-Carter,Markus.Wisozk54@hotmail.com,919-351-5908,,,
8,2024-07-02,Kshlerin - Wolf,Angola,594 W Center Street,Mr. Drew Boehm III,Eunice_Kerluke45@hotmail.com,602.438.4685,,,
9,2024-07-02,"Dicki, Abernathy and Gerhold",Thailand,76821 Central Avenue,Guadalupe Renner,Ferne_Armstrong@yahoo.com,1-982-246-7530,,,
10,2024-07-02,"Marvin, Adams and Roberts",North Macedonia,7920 Juniper Close,Adam Schneider,Jodie81@hotmail.com,278.646.5367 x1782,,,
11,2024-07-02,"Breitenberg, Raynor and Bartell",Gibraltar,465 Macejkovic Coves,Elbert Kovacek,Loren_Wuckert@yahoo.com,976.737.0310 x95015,,,
12,2024-07-01,Fadel LLC,Uzbekistan,73841 Lea River,Martha Schuppe,Aubree.Hyatt@hotmail.com,(327) 811-3816,,,
13,2024-07-02,Gleichner - Hand,Saint Lucia,87226 S Washington Avenue,Dr. Rosa Schroeder,Carley70@yahoo.com,227.637.2124 x7565,,,
14,2024-07-02,"Gibson, Crist and Deckow",French Guiana,7536 Annabelle Light,Marty Cremin-Kreiger,Serena_Koss18@yahoo.com,(693) 314-9970 x53265,,,
15,2024-07-02,Rowe and Sons,Madagascar,97009 Hackett Divide,Terrance Bruen,Brigitte.Medhurst43@gmail.com,(511) 999-2648 x403,,,
16,2024-07-01,Wehner Inc,French Guiana,3531 Erdman Hills,Pablo Schowalter,Ernestine.Hammes17@hotmail.com,1-676-711-1247 x5789,,,
17,2024-07-01,Feil LLC,Thailand,92528 Romaguera River,Francis Gerhold,Harold22@yahoo.com,956-462-7511,,,
18,2024-07-01,"Borer, Koss and Ritchie",Croatia,85440 Rosenbaum Crossing,Erma Koelpin,Crystal_Langworth26@yahoo.com,1-553-624-5141 x852,,,
19,2024-07-01,"Howe, Stark and Hermiston",Sweden,74412 Emily Neck,Priscilla Sipes,Maritza_Rippin91@gmail.com,716-384-6835,,,
20,2024-07-02,Rath Group,Benin,45588 Harber Highway,Dr. Scott McClure,Humberto.Kuhlman11@gmail.com,747-670-2658 x05516,,,
21,2024-07-01,Lemke and Sons,Peru,11448 Price Plain,Helen Jerde,Kelsie.Sawayn22@yahoo.com,213.266.8885,,,
22,2024-07-02,Stark - Watsica,Iraq,586 Jason Plain,Shirley Schmitt,Samantha0@hotmail.com,896-831-7659 x0388,,,
23,2024-07-01,Parisian and Sons,Ireland,52824 D'Amore Pines,Darrin Conn,Dwight5@gmail.com,581.456.0116 x57456,,,
24,2024-07-01,Schumm - Roberts,Lao People's Democratic Republic,512 E Center Street,Dallas Kreiger,Lisandro_Ebert54@hotmail.com,(757) 450-4770 x5216,,,
25,2024-07-02,"Maggio, Terry and Runte",Guadeloupe,5038 Kuphal Locks,Orville Beatty,Ron49@yahoo.com,(435) 852-6681 x1105,,,
26,2024-07-01,Ortiz Group,Australia,3443 The Croft,Lucia Stehr,Jacinto.Klocko9@yahoo.com,(749) 423-7967 x61065,,,
27,2024-07-02,Glover LLC,Lithuania,2119 Cronin Ford,Barbara Emard,Jazmyne.Will68@yahoo.com,(849) 857-3634 x300,,,
28,2024-07-01,Hauck - Hintz,Slovakia,62166 Kirsten Falls,Jan Torphy,Amira.Hamill@gmail.com,712-217-2381 x0159,,,
29,2024-07-02,Mertz Group,New Zealand,930 Westgate,Nadine Mante,Maurice_Waelchi16@yahoo.com,(911) 978-8279 x5397,,,
30,2024-07-02,"Shields, Tromp and Collier",Antigua and Barbuda,93591 Jed Burg,Dr. Kerry Keebler,Megane16@hotmail.com,1-788-485-7707 x399,,,
31,2024-07-02,Lang Inc,Ecuador,82194 Ullrich Row,Rita Hegmann,Eva_Schamberger@yahoo.com,(728) 317-7662 x991,,,
32,2024-07-02,Haag - Gutmann,Yemen,43450 Gustave Fork,Terrence Erdman,Ethyl.Kohler@gmail.com,976-995-2540 x21328,,,
33,2024-07-02,Schamberger and Sons,Timor-Leste,10058 Deondre Mountain,Lloyd Blick,Estrella71@yahoo.com,(221) 305-4286,,,
34,2024-07-02,Emard Inc,Antarctica,466 Lincoln Avenue,Antonia Bashirian,Kayli37@hotmail.com,635-903-2446 x54569,,,
35,2024-07-02,"Murray, Barton and Halvorson",Timor-Leste,949 Candelario Key,Bonnie Lehner,Valerie_Kuvalis-Zemlak@hotmail.com,815-662-5207 x3968,,,
36,2024-07-02,Zieme - Considine,Papua New Guinea,2781 S Main,Erica Langworth,Burdette.Toy36@gmail.com,(787) 730-2577 x2556,,,
37,2024-07-01,"Turner, Bailey and Brown",South Georgia and the South Sandwich Islands,4701 Gottlieb Branch,May Kassulke,Amy.Dickinson45@hotmail.com,(416) 691-3588 x33289,,,
38,2024-07-01,Goyette Group,Faroe Islands,194 Wolff Valley,Edmund Denesik,Leta_Ortiz68@gmail.com,667-744-5092 x1902,,,
39,2024-07-02,"Reichert, Hyatt and Miller",Nicaragua,39235 Norfolk Road,Isaac Will MD,Sigrid51@gmail.com,1-576-218-8721 x46065,,,
40,2024-07-02,Dach - Daniel,Sudan,478 Reynolds Point,Pamela Ryan,Urban.Heidenreich-Schaefer72@yahoo.com,696-547-1957 x14125,,,
41,2024-07-02,Stiedemann - Treutel,Sri Lanka,52283 Abernathy Hollow,Marc Rodriguez,Jeff.Lakin92@yahoo.com,877.873.5329 x5735,,,
42,2024-07-01,Halvorson - Schaefer,Senegal,32074 Alvena Causeway,Sherry Howell,Nickolas33@yahoo.com,(243) 330-0911 x34371,,,
43,2024-07-01,Dickinson and Sons,Niger,205 Soledad Throughway,Lela Cassin,Edward54@hotmail.com,637.316.7667 x055,,,
44,2024-07-01,Hahn Group,Suriname,31973 Nikolaus Courts,Ben Kautzer,Doyle.Jacobs@yahoo.com,728-976-9596,,,
45,2024-07-01,Kemmer - Funk,Pitcairn Islands,9183 N Main Avenue,Kellie Hudson,Marlene8@gmail.com,1-634-605-0355,,,
46,2024-07-01,Turcotte - Hickle,Tanzania,6582 Marks Ramp,Gary Douglas,Houston.Pfannerstill@gmail.com,(905) 338-8958 x9104,,,
47,2024-07-02,Graham - Stiedemann,Montserrat,497 Wilhelmine Forest,Rogelio Weimann IV,Carolyn_Wisoky@yahoo.com,212.508.8267 x8480,,,
48,2024-07-02,"Weber, Daugherty and Walker",Guinea-Bissau,6215 County Road,Preston Schmeler,Jorge_OKeefe60@hotmail.com,1-327-573-9141 x71036,,,
49,2024-07-02,Cormier Group,Senegal,694 N Water Street,Tommy Olson,Stanford33@yahoo.com,(893) 352-5307,,,
50,2024-07-02,"Kerluke, Bins and Gleichner",Gibraltar,96438 Rowe Shore,Ms. Alyssa Hintz,Ashlee.Frami48@gmail.com,1-694-928-3528,,,
51,2024-07-02,Daugherty Inc,Burkina Faso,4294 Treutel Port,Mr. Hugh Crona,Lilla69@yahoo.com,1-920-249-3348 x47514,,,
52,2024-07-02,"Abshire, Harvey and Marks",Sierra Leone,2689 VonRueden Union,Andres Rowe,Jordon67@yahoo.com,(506) 698-7320,,,
53,2024-07-02,Bode and Sons,Pakistan,41185 Brook Unions,Harold Kihn,Emmie.Feest94@gmail.com,334-962-8979,,,
54,2024-07-02,Welch - Lind,Wallis and Futuna,41183 The Rise,Mr. Charlie Kris,Viva_Nitzsche13@gmail.com,855.214.6024 x6854,,,
55,2024-07-01,"Metz, Osinski and Haley",Democratic People's Republic of Korea,62858 Freeman Port,Tom Macejkovic,Casimir4@gmail.com,(537) 785-2802,,,
56,2024-07-02,Mayer Group,Canada,81039 Bryana Bridge,Jo Dicki,Shanny.Hilll92@hotmail.com,518-434-5026 x4663,,,
57,2024-07-02,"Gutkowski, Bailey and Hayes",Latvia,86123 Frederique Stravenue,Peggy Lehner,Bridget86@yahoo.com,1-526-336-1314 x53560,,,
58,2024-07-01,Ziemann Group,Macao,42182 Trinity Road,Nancy Stanton MD,Laura_Bednar-Reilly3@gmail.com,1-602-736-4735 x93413,,,
59,2024-07-02,Flatley LLC,Venezuela,85001 Alta Lodge,Nichole VonRueden,Orville36@gmail.com,(366) 654-2993,,,
60,2024-07-02,"Conroy, Ankunding and Hettinger",Malawi,121 S 8th Street,Lucy Wolff-Kassulke,Mckenna.Abshire50@yahoo.com,1-747-313-5431 x149,,,
61,2024-07-01,"Kshlerin, Crooks and Osinski",Turkey,8307 Gordon Road,Blake Connelly,Colby.Wiza@yahoo.com,396.900.4122 x569,,,
62,2024-07-02,"Veum, Graham and Berge",France,17887 Ruecker Canyon,Kristy Jones,Ronny_White40@hotmail.com,1-970-839-0808 x68249,,,
63,2024-07-01,Langworth - Brown,Paraguay,51796 Prospect Road,Loren Bins III,Gerda_Kulas-Dicki67@gmail.com,(541) 579-7693 x203,,,
64,2024-07-02,"Bergstrom, Erdman and Kutch",Tanzania,26037 New Lane,Dr. Ida Hodkiewicz MD,Margot.Auer-Murazik@yahoo.com,(827) 553-8674,,,
65,2024-07-02,"Vandervort, Hand and Cassin",Republic of Korea,69664 Terry Parkways,Miss Velma Brown-Gutkowski,Zander25@yahoo.com,(477) 799-8910 x926,,,
66,2024-07-01,Collier LLC,Iraq,55405 Lincoln Avenue,Doreen Kihn,King44@gmail.com,380-670-6217 x528,,,
67,2024-07-02,"Paucek, Schmidt and Howell",Vanuatu,56026 Macie Vista,Lynn McKenzie,Cruz_Harvey@hotmail.com,684.902.3575,,,
68,2024-07-01,"Ritchie, Hoeger and Sanford",Morocco,7395 W Broadway Avenue,Wilson Lueilwitz,Jeffrey.Raynor@gmail.com,1-529-669-8491 x95379,,,
69,2024-07-01,Kiehn - Rice,Malawi,688 Karlie Square,Kim Flatley,Orland2@hotmail.com,447.787.2850 x75014,,,
70,2024-07-02,Robel Inc,Pitcairn Islands,79456 Renee Common,Karla Larkin,Reginald17@hotmail.com,1-713-983-3587 x8435,,,
71,2024-07-02,"Bogan, Bogisich and Franecki",Malta,407 Meta Island,Barbara Toy,Allen.Wiza@hotmail.com,320.728.4461 x31966,,,
72,2024-07-01,"VonRueden, O'Reilly and Hagenes",Hong Kong,91710 Prohaska Rapids,Loretta Mohr V,Marcelo31@yahoo.com,1-253-416-4780 x67820,,,
73,2024-07-02,Luettgen - Gusikowski,Guyana,6300 Murray Groves,Doreen Purdy,Kayden.Senger50@yahoo.com,249.713.4187 x549,,,
74,2024-07-02,"Moen, Hintz and O'Reilly",Nepal,2198 Luettgen Turnpike,William Renner-Bogan,Kennith70@yahoo.com,(892) 504-1124 x25839,,,
75,2024-07-01,Lockman LLC,Norfolk Island,8599 E Main Street,Edwin Von III,Keith30@hotmail.com,(590) 832-3464 x5168,,,
76,2024-07-02,Schuster LLC,Sudan,54420 Greenwood Road,Mr. Enrique Romaguera,Ulises_Ullrich9@yahoo.com,(708) 904-0556 x550,,,
77,2024-07-01,Bashirian - Christiansen,Ukraine,33491 Salma Stream,Cora D'Amore,Imogene.Huels80@yahoo.com,383-954-1525 x8089,,,
78,2024-07-02,Herzog and Sons,Myanmar,3013 Swaniawski Unions,Dan Hilpert,Burdette45@gmail.com,1-650-518-8543 x07945,,,
79,2024-07-01,"Heathcote, Ritchie and Mayer",Netherlands,71694 Manor Close,Santiago Mitchell-Franecki,Lottie_Kemmer@gmail.com,(518) 565-2941 x53019,,,
80,2024-07-02,Lueilwitz Inc,Algeria,4481 America Rapids,Ryan Lemke,Otis.Hills56@hotmail.com,(437) 994-0466 x87404,,,
81,2024-07-01,"Metz, Ernser and Ratke",Sudan,65819 Brakus Square,Mike Douglas,Francisco.Mraz98@gmail.com,770.542.5689 x158,,,
82,2024-07-02,Lindgren - Yundt,Tuvalu,5927 Paucek Island,Harold Osinski,Jamar6@gmail.com,908-753-5110 x105,,,
83,2024-07-02,Bayer - Abshire,Gabon,17798 N Water Street,Ellen Rosenbaum,Quinten.Abshire@yahoo.com,(255) 968-9708 x0377,,,
84,2024-07-02,Spencer Inc,Norway,6112 Ondricka Valleys,Antonia Koch,Demond_Daniel64@yahoo.com,580-483-5518 x22929,,,
85,2024-07-02,Heaney and Sons,Venezuela,9029 Clay Lane,Lula Schmidt MD,Aryanna.Dickens@hotmail.com,(939) 485-2605 x926,,,
86,2024-07-02,"Murazik, Padberg and O'Kon",Hungary,3266 Noemy Well,Nathaniel Kling,Camren.Kohler9@gmail.com,(957) 364-0876 x9125,,,
87,2024-07-02,Gulgowski LLC,Colombia,372 Ruecker Alley,Josefina Bergstrom DDS,Maximus_Hessel92@hotmail.com,316.862.9393 x77656,,,
88,2024-07-02,"Schimmel, O'Keefe and Cruickshank",Curacao,45748 Edythe Cape,Darnell Johnson,Myrtie_Mayert@yahoo.com,420-532-5889 x638,,,
89,2024-07-01,Cremin Inc,Colombia,47285 Stanley Street,Ms. Linda Quigley,Chadd69@hotmail.com,(885) 896-4469 x50637,,,
90,2024-07-01,Ankunding Inc,Uzbekistan,525 Koby Greens,Stephen Koepp,Jared12@gmail.com,347-492-1650,,,
91,2024-07-01,Labadie Inc,Ghana,675 Johns Bridge,Kurt Heidenreich,Maverick.Hills@hotmail.com,1-248-632-1042 x33015,,,
92,2024-07-02,Hoppe Group,Anguilla,7811 Lindgren Hollow,Ralph Bins,Orpha.DAmore@gmail.com,458.230.3434 x3118,,,
93,2024-07-02,Boehm Group,Kiribati,1053 School Road,Nancy Mante,Hallie_Armstrong21@yahoo.com,348.957.9849 x02690,,,
94,2024-07-02,O'Hara - Stark,Bangladesh,3849 Stan Village,Minnie Keeling,Magali83@gmail.com,864-808-8617 x3607,,,
95,2024-07-01,"Casper, Gerlach and Streich",Svalbard & Jan Mayen Islands,4344 Jazlyn Skyway,Willie Hand,Adele94@hotmail.com,817.765.3508 x1056,,,
96,2024-07-02,"McGlynn, O'Connell and DuBuque",Afghanistan,72604 Fahey Walk,Orlando Moore,Forest_Wintheiser@gmail.com,1-489-968-8668 x91987,,,
97,2024-07-01,"Schuppe, Huels and Farrell",Latvia,22105 Dorris Ferry,Ms. Johnnie Wisozk,Deon_Bauch@yahoo.com,1-693-935-2067 x5705,,,
98,2024-07-01,"Hirthe, Little and Haag",Montserrat,348 Conn Pass,Scott Adams,Marlin85@gmail.com,(878) 951-3351 x857,,,
99,2024-07-02,"Upton, Gusikowski and Waters",Belarus,71971 E 12th Street,Dr. Jaime Kris V,Kyra64@yahoo.com,(449) 766-9281 x2817,,,
100,2024-07-02,Koch Inc,Ireland,511 Deckow Pine,Toni Parker,Deangelo90@hotmail.com,838-913-1775 x684,,,
101,2024-07-01,"Gusikowski, Welch and Barton",Saint Kitts and Nevis,167 Lindgren Pine,Tommy Brown,Erick_Stehr7@gmail.com,1-423-370-2612 x58678,,,
102,2024-07-02,Hayes - Hilll,Samoa,8716 Ludie Manor,Dr. Geneva MacGyver,Avery_Murray24@yahoo.com,608-248-7504 x791,,,
103,2024-07-02,Wilkinson Group,Argentina,31226 Ahmed Field,Israel Leffler,Randal54@yahoo.com,627-844-8835 x10285,,,
104,2024-07-02,Schaefer Inc,Aruba,122 Baumbach Wall,Nathan Reynolds,Otilia21@yahoo.com,859-284-8216 x909,,,
105,2024-07-02,Kertzmann - Bednar,Papua New Guinea,43033 Kali Valley,Erick Gottlieb,Cheyenne_Schaden@hotmail.com,711.446.6255,,,
106,2024-07-02,Mills Group,Egypt,850 Poplar Avenue,Douglas Stark,Enrico_Moen@hotmail.com,791.401.7877 x107,,,
107,2024-07-02,Simonis - Gutkowski,Vietnam,8457 Reichert Valleys,Edmund Huels,Maia.Gleichner@yahoo.com,1-576-915-9180 x7899,,,
108,2024-07-02,Balistreri and Sons,Madagascar,4079 Church Close,Melissa Hartmann,Elvis73@yahoo.com,635-509-4955,,,
109,2024-07-01,Harber Inc,Ghana,1212 Lynch View,Melanie Heller,Mafalda.Hodkiewicz40@hotmail.com,1-302-545-1362,,,
110,2024-07-02,"Medhurst, Greenholt and Walter",Liberia,850 Cortney Highway,Alan Feeney,General_Jerde-Collier34@hotmail.com,(410) 879-2492 x7961,,,
111,2024-07-01,Frami - Walsh,Chad,15512 Volkman Harbor,Kathy Fahey,Kayley42@yahoo.com,1-564-625-5808 x605,,,
112,2024-07-02,"Senger, Hartmann and Parisian",Nicaragua,1617 Kenton Terrace,Arlene McCullough,Delaney_Metz@yahoo.com,1-733-801-4587 x9670,,,
113,2024-07-02,Parisian and Sons,British Indian Ocean Territory (Chagos Archipelago),1005 1st Street,Lonnie Kerluke,Woodrow7@gmail.com,903-626-5633,,,
114,2024-07-01,Steuber and Sons,Sierra Leone,5098 Schmidt Mountains,Wilbert Gleason,Dorris_Blick@gmail.com,1-555-295-9502 x70513,,,
115,2024-07-02,Moore Inc,Hong Kong,1564 Dickinson Track,Pamela Watsica,Corbin.Conroy@gmail.com,1-762-810-7528 x585,,,
116,2024-07-01,"Pfeffer, Koelpin and Frami",Cameroon,99156 W High Street,Ms. Kerry Cronin I,Watson_Bosco@gmail.com,839-557-6589 x6224,,,
117,2024-07-01,Jacobson - Stanton,San Marino,17493 Grange Road,Rafael Lemke MD,Faye56@yahoo.com,1-221-470-2492 x86277,,,
118,2024-07-02,Stark LLC,Kuwait,6365 Frontage Road,Tony Hoppe V,Carolina_OHara@hotmail.com,(632) 756-6591,,,
119,2024-07-01,"Padberg, Kirlin and Schowalter",Somalia,454 Clarendon Road,Lucia Dickinson,Meta.Walker23@hotmail.com,981.418.1518,,,
120,2024-07-02,Wehner - Pfeffer,Cocos (Keeling) Islands,23224 Rashawn Underpass,Derrick Osinski,Gwen84@hotmail.com,(740) 937-6104 x7494,,,
121,2024-07-02,"Kovacek, Crooks and Mohr",Saint Lucia,697 Christiansen Shores,Wesley Beatty Sr.,Anissa4@gmail.com,(949) 637-7947,,,
122,2024-07-01,Crist - Dooley,New Zealand,27989 Evan Fork,Jordan Wolf,Cathryn53@gmail.com,(204) 572-2809 x440,,,
123,2024-07-02,Bernier - Ondricka,Sweden,74000 Collins Fork,Noel Sauer I,Hester.Corwin80@hotmail.com,352-458-2101 x61800,,,
124,2024-07-02,Kuphal - Bosco,Madagascar,78309 S Central Avenue,Dr. Merle Reynolds,Immanuel_Dicki67@hotmail.com,299-821-1356 x035,,,
125,2024-07-02,Connelly - Ullrich,Dominica,15601 Priory Road,Elsie Mitchell,Zackery_Quigley76@gmail.com,967.976.0746 x492,,,
126,2024-07-01,Hamill - Paucek,Montserrat,31518 S 3rd Street,Cedric Marquardt,Elmira.Cruickshank@yahoo.com,(768) 889-1288 x67744,,,
127,2024-07-01,Jerde - Welch,Rwanda,64085 Keenan Viaduct,Blake Padberg-Leannon,Leda_Krajcik@hotmail.com,1-605-666-8258 x80433,,,
128,2024-07-02,Champlin - Buckridge,Serbia,60000 Beech Drive,Irvin Emard,Haylee14@gmail.com,1-720-203-0858 x4869,,,
129,2024-07-02,"McCullough, Dare and Ferry",Yemen,57238 Peter Ridges,Vernon Smitham DVM,Kitty.Donnelly59@yahoo.com,(255) 743-5480 x7954,,,
130,2024-07-01,O'Keefe LLC,Guatemala,430 Ritchie Ridges,Douglas Mann MD,Kayley_Johns@hotmail.com,1-824-979-6984 x710,,,
131,2024-07-01,Stanton Inc,Solomon Islands,945 Miller Keys,Howard Kshlerin DDS,Sandrine62@yahoo.com,1-752-693-1255 x9144,,,
132,2024-07-01,Herman Group,Antigua and Barbuda,7856 Stark Ranch,Desiree Lakin DDS,Hosea.Kunde39@yahoo.com,202-218-6661,,,
133,2024-07-02,Heller and Sons,Poland,4780 E Broadway Street,Reginald Zemlak,Aylin.Ratke75@yahoo.com,869-734-6796,,,
134,2024-07-02,"Barrows, White and Cruickshank",Trinidad and Tobago,846 Norma Rest,Kristie Tromp,Richmond_Nienow65@hotmail.com,(482) 552-7927 x23128,,,
135,2024-07-02,"Ward, Bergstrom and Lesch",Kuwait,326 Grady Roads,Kristen Kihn,Cameron83@gmail.com,793.732.8727 x15982,,,
136,2024-07-02,"Lubowitz, Langosh and Leffler",Guernsey,333 Cherry Street,Oliver Ferry,Madelynn.Quitzon@yahoo.com,1-451-357-2511,,,
137,2024-07-02,Schneider - Walsh,Vietnam,566 Rohan Walk,Rick Bayer,Angie21@gmail.com,262-640-6422 x455,,,
138,2024-07-01,Heller - Konopelski,Heard Island and McDonald Islands,99665 Parker Stream,Natasha Fadel,Alverta_Green@yahoo.com,(693) 231-7493 x75008,,,
139,2024-07-01,"Macejkovic, Bahringer and Hermann",Tajikistan,49964 Chadrick Estates,Anita Jakubowski,Verla64@yahoo.com,1-259-850-8410,,,
140,2024-07-02,Ritchie Inc,Netherlands,25391 Rau Tunnel,Cedric Swift,Ramona.Friesen@gmail.com,(984) 287-9120,,,
141,2024-07-01,"Cartwright, Maggio and Kunze",Iceland,688 Harrison Street,Alton Williamson-Pagac,Ellen39@gmail.com,(805) 224-2616 x1518,,,
142,2024-07-02,Ullrich Inc,Colombia,5383 West Street,Edith Aufderhar DDS,Rowena36@yahoo.com,366.584.3443,,,
143,2024-07-01,Wintheiser - Krajcik,India,61856 Murray Curve,Elmer Swaniawski,Elena.Romaguera@yahoo.com,1-489-765-2145,,,
144,2024-07-02,Franey - Wolf,Nicaragua,246 Dickens Drives,Kathryn Bradtke,Taya_Schamberger@yahoo.com,734-366-8027,,,
145,2024-07-02,Nikolaus - Johns,Saudi Arabia,13621 Stehr Route,Miranda Muller,Annette45@hotmail.com,(620) 788-4783 x783,,,
146,2024-07-02,"Volkman, Kris and McGlynn",Syrian Arab Republic,635 E Walnut Street,Becky Bahringer,Haskell99@yahoo.com,(892) 284-6734,,,
147,2024-07-01,Fadel and Sons,Egypt,61860 Koch Loaf,Jared Fritsch,Daren53@hotmail.com,(798) 520-4852 x2647,,,
148,2024-07-02,"Rippin, Kihn and Spinka",Poland,744 Henry Street,Edna Rau,Norbert11@yahoo.com,989-588-4591 x9023,,,
149,2024-07-01,"Considine, Huel and Hills",Sudan,6522 Pattie Ridge,Mathew Schinner,Charley41@hotmail.com,(284) 343-8874 x6652,,,
150,2024-07-02,Lang Inc,Denmark,79111 Renner Brook,Micheal West,Rhiannon91@yahoo.com,(928) 579-2508,,,
151,2024-07-02,Jacobs Inc,Papua New Guinea,45520 Phoebe Mall,Dr. Tim Mertz,Jeffry.Sanford5@gmail.com,668-496-2343 x65929,,,
152,2024-07-01,Dicki Group,American Samoa,672 Meadow Lane,Jack Abbott,Porter.Dicki@gmail.com,(905) 737-3601 x345,,,
153,2024-07-02,"Gulgowski, Kunde and Smitham",Malta,16595 Pedro Extensions,Joann Bruen,Rhea_Harris95@yahoo.com,(465) 326-7715 x12374,,,
154,2024-07-01,Mayert - Upton,Pitcairn Islands,64405 Woodlands,Mr. Clyde Cartwright,Dewayne.Hamill97@gmail.com,862-591-8508 x705,,,
155,2024-07-02,"Grant, Rath and Nolan",Nauru,91157 Santino Haven,Bonnie Ward,Monty_Tremblay5@gmail.com,286.352.5669 x70691,,,
156,2024-07-01,Wunsch - Wisoky,Uganda,226 Kailey Keys,Dexter Hansen Sr.,Violet.Schowalter@hotmail.com,1-875-898-6041,,,
157,2024-07-02,McLaughlin Inc,Guadeloupe,677 W Market Street,Miss Karla Daugherty,Elian_OConner@gmail.com,309-700-9311 x568,,,
158,2024-07-01,Brakus Inc,Tokelau,179 Leonor Ridge,Joanna Kirlin,Meredith_Emmerich4@gmail.com,347-786-7827 x77448,,,
159,2024-07-02,Senger - Mertz,Bermuda,9815 Lazaro Forge,Jeannette Kautzer,Kirstin_Lockman41@hotmail.com,1-553-787-9509 x7497,,,
160,2024-07-01,Fisher LLC,Denmark,476 Josianne Well,Carlos Howell V,Esteban_Keebler@gmail.com,1-809-405-7657 x29213,,,
161,2024-07-02,"Mills, Haag and Nicolas",Guyana,92698 The Woodlands,Jamie Greenholt,Randall.Bogisich95@yahoo.com,(937) 390-7437 x5702,,,
162,2024-07-02,Gerlach - Bogisich,India,171 Efrain Station,Neil Labadie,Madilyn.Walker-Corkery72@hotmail.com,1-868-452-5819 x293,,,
163,2024-07-02,Hansen - Rohan,Angola,238 Hilll Inlet,Enrique Mertz,Darian.Buckridge75@hotmail.com,464.322.1531,,,
164,2024-07-02,McCullough Group,New Caledonia,42079 Constantin Ridge,Hannah Satterfield,Casimer27@gmail.com,868-554-9311 x412,,,
165,2024-07-01,"Rice, Carroll and Witting",Cuba,5352 Amara Estate,Emmett Purdy-Lueilwitz,Jennyfer98@hotmail.com,1-263-688-0146,,,
166,2024-07-02,Armstrong - Schultz,Bahamas,878 East Avenue,Rosemarie Okuneva,Naomi25@yahoo.com,1-344-479-3844 x956,,,
167,2024-07-02,Herman - Boyer,Greenland,9325 Alyce Corner,Doreen Hoeger,Margarita_Cruickshank15@hotmail.com,229-252-5652,,,
168,2024-07-01,"Boehm, Kessler and Green",Greenland,721 Walnut Close,Jermaine Harber,Elna_Herzog50@hotmail.com,1-757-427-9526 x2466,,,
169,2024-07-01,Hamill LLC,Madagascar,6545 Evan Junctions,Sidney Wilderman Sr.,Sylvan80@hotmail.com,760-386-6666,,,
170,2024-07-02,Mayert Inc,Niger,919 Brook Lane,Ms. Jaime Koelpin,Cecilia.Will83@gmail.com,(517) 955-7041,,,
171,2024-07-01,Bogisich - Gutmann,Latvia,8177 Kuhic Green,Mrs. Naomi Lakin Jr.,Rosanna63@yahoo.com,631-487-6402 x58803,,,
172,2024-07-01,Weissnat Group,Iran,1559 Margaret Valley,Charlie Hoeger,Faye.Kulas62@gmail.com,(820) 406-7863 x39685,,,
173,2024-07-02,Gutkowski - Kreiger,Vietnam,6598 Silas Flats,Becky Grant,Chaz72@hotmail.com,(751) 879-5473,,,
174,2024-07-01,Hirthe - Kirlin,Costa Rica,559 Irma Spurs,Mr. Kevin Lind,Orlando.Bergstrom-Moore@gmail.com,1-767-358-9165 x505,,,
175,2024-07-02,Stokes Inc,United States Minor Outlying Islands,10528 Quentin Centers,Judy Jenkins,Clair.Windler85@hotmail.com,1-218-922-5205,,,
176,2024-07-02,"Fadel, Kessler and Spinka",Iraq,3400 Harrison Avenue,Norman Keebler,Jennifer67@yahoo.com,1-851-779-7707,,,
177,2024-07-02,Powlowski - Brakus,Nepal,7456 Josefina Cape,Dustin Heaney,Reba_Pacocha57@hotmail.com,262.555.7761 x8970,,,
178,2024-07-02,"Hodkiewicz, Sawayn and Cartwright",Democratic People's Republic of Korea,100 Huel Ranch,Teri Hessel,Lilian.Keebler60@yahoo.com,1-956-398-0379,,,
179,2024-07-02,Pagac - Greenfelder,Slovenia,61522 Schneider Spur,Carrie Medhurst,Ambrose_Gutkowski73@yahoo.com,(920) 304-6676 x79209,,,
180,2024-07-02,Ward - Bogan,Congo,8848 S Water Street,Elmer Bode,Lucie.Schowalter@yahoo.com,357-959-3390 x1359,,,
181,2024-07-02,"Hudson, Kris and Zulauf",Mauritius,1541 Davis Street,Lorena Funk,Zelda85@hotmail.com,551.220.7224 x447,,,
182,2024-07-01,Walker - Braun,New Caledonia,41501 Heron Close,Wanda King,Makenna_Johnston@yahoo.com,(566) 984-1105 x083,,,
183,2024-07-02,"Hessel, Bahringer and Hessel",Argentina,68173 Bode Knolls,Thomas D'Amore,Anabelle_Kunde@hotmail.com,1-564-856-8242 x02073,,,
184,2024-07-01,Hettinger - Howell,Saint Pierre and Miquelon,212 W North Street,Rochelle Schulist,Bert57@hotmail.com,690-494-4251,,,
185,2024-07-02,Fay Group,Panama,16352 Effertz Oval,Mrs. Edith Schmeler,Garnet21@hotmail.com,921.307.9483 x1640,,,
186,2024-07-01,"Kertzmann, Pouros and Osinski","Virgin Islands, U.S.",14168 Williamson Ports,Enrique Sawayn,Natalie28@gmail.com,348-470-5254 x585,,,
187,2024-07-02,Jakubowski and Sons,Portugal,523 Charlene Cape,Mr. Edmond Pouros,Vernon.Bartell95@hotmail.com,1-498-944-9955,,,
188,2024-07-01,"Glover, Orn and Walter",Republic of Korea,22483 Joannie Fork,Ashley Kshlerin MD,Nelle43@gmail.com,1-893-438-6548 x4183,,,
189,2024-07-02,Denesik - Bechtelar,Indonesia,7619 Mante Flat,Joe Turner,Monroe_McDermott@gmail.com,1-759-582-1622 x726,,,
190,2024-07-01,Wunsch - Roberts,Kazakhstan,5985 Gloucester Road,Freddie Mitchell DDS,Juliana79@hotmail.com,214-569-8269 x7299,,,
191,2024-07-02,Heathcote and Sons,United Kingdom,7156 York Road,Claire Mohr,Abigail.Lemke50@hotmail.com,947-200-7694 x60360,,,
192,2024-07-02,"Lockman, Jones and Sipes",Moldova,8398 Bechtelar Parkways,Loren Hilpert,Agnes_Muller68@gmail.com,1-233-579-7325 x406,,,
193,2024-07-01,Stiedemann and Sons,Benin,42856 5th Avenue,Edmund Schuster DVM,Brock.Monahan74@hotmail.com,1-292-744-3456,,,
194,2024-07-02,"Pfannerstill, Rau and Bashirian",Cuba,89556 Schultz Via,Jaime Hilpert-Crona,Darian.Terry20@hotmail.com,1-503-828-1796,,,
195,2024-07-02,King - Altenwerth,Costa Rica,702 Lynch Trafficway,Mr. Ross Koelpin,Emie_Huel@gmail.com,458.514.0991 x823,,,
196,2024-07-01,Runolfsdottir - Rogahn,Lao People's Democratic Republic,26360 Volkman Stream,Brett Lang,Isobel.Cartwright49@hotmail.com,1-611-611-9813 x5057,,,
197,2024-07-01,"Jacobi, Parisian and Nolan",Lebanon,5861 Lynch Curve,Johnathan Mante DVM,Lewis24@yahoo.com,631.611.4947 x096,,,
198,2024-07-02,"Bechtelar, Bednar and Wisozk",Switzerland,384 Kaley Trace,Dwayne Miller,Erich_Kreiger8@hotmail.com,1-905-387-7684 x47782,,,
199,2024-07-02,Kihn Group,Saint Martin,331 Tudor Close,Dr. Angelina Sanford,Emil.Turcotte5@yahoo.com,(222) 990-9147,,,
200,2024-07-02,West Inc,Solomon Islands,7178 Marquardt Village,Sadie Stamm,Laney.Schuppe62@hotmail.com,1-925-759-8318,,,
201,2024-07-02,Lehner - Jacobs,Falkland Islands (Malvinas),14007 South Drive,Dr. Israel Kreiger,Camylle_Franey54@gmail.com,1-323-939-8884,,,
202,2024-07-02,Wolf Inc,Nauru,51600 Hessel Route,Derrick Torphy,Stephany_Casper25@hotmail.com,(299) 483-8845 x8588,,,
203,2024-07-02,"Gibson, Dicki and Lesch",Ghana,261 Michelle Tunnel,Mrs. Sophie McCullough,Pablo4@yahoo.com,(635) 335-6083 x6124,,,
204,2024-07-02,"Hauck, Kris and Bailey",Mayotte,65361 E Union Street,Wendell Muller,Kayleigh.Spencer@gmail.com,592.513.7966,,,
205,2024-07-02,"Parker, Jacobi and Dibbert",Togo,17985 Bogisich Lights,Teresa Koepp PhD,Schuyler0@gmail.com,1-803-384-0218 x572,,,
206,2024-07-02,"Moen, Fahey and Runolfsson",Austria,1422 Vicente Extensions,Allison Blanda,Laron.Emmerich5@hotmail.com,946-596-5692 x180,,,
207,2024-07-02,"Runolfsson, Strosin and Zemlak",Mauritius,9776 E State Street,Elbert Ortiz,Jaylen5@hotmail.com,385-382-7363,,,
208,2024-07-02,Emmerich - Graham,Thailand,9239 N Market Street,Cristina Ruecker,Tianna_Konopelski73@hotmail.com,571-894-2689,,,
209,2024-07-01,Williamson - Roberts,Senegal,11068 Roslyn Mountains,Darlene Goldner,Johann10@yahoo.com,1-843-203-9151 x111,,,
210,2024-07-01,Gutmann - Strosin,Puerto Rico,718 Zaria Dale,Nadine Gibson-Kuhn Sr.,Anthony24@gmail.com,339.774.3265 x06323,,,
211,2024-07-02,"Feest, Lakin and Hickle",Oman,732 Deckow Place,Mr. Darnell Sipes,Alvera6@gmail.com,(897) 935-7403 x4933,,,
212,2024-07-01,Schmeler - Daniel,Central African Republic,67686 Dominic Groves,Alyssa Kutch,Carole.McDermott44@gmail.com,1-342-914-9434 x56915,,,
213,2024-07-01,Stiedemann and Sons,Azerbaijan,58380 E Park Avenue,Gertrude Fahey MD,Harmon.Osinski@yahoo.com,388-537-0876,,,
214,2024-07-02,Spinka - Ortiz,Saint Barthelemy,655 East Street,Freddie Cremin,Jerry.Okuneva56@gmail.com,340.240.4863 x1266,,,
215,2024-07-01,Langworth - Ondricka,Kiribati,36811 Meadow Way,Velma Turcotte,Ernest36@yahoo.com,347.681.8926 x0655,,,
216,2024-07-02,Bailey Inc,Kyrgyz Republic,615 Common Lane,Grady Bosco III,Julius40@hotmail.com,(854) 241-3906 x10971,,,
217,2024-07-01,Bartell LLC,United Arab Emirates,6833 S 9th Street,Mr. Allan Padberg-Denesik,Jammie_Rempel2@gmail.com,881-500-9281 x41897,,,
218,2024-07-01,Stiedemann - Hane,Canada,82276 Haag Run,Judith Dickens,Shemar_Daugherty@hotmail.com,(571) 489-9100 x179,,,
219,2024-07-02,"Swaniawski, Jacobi and Gerlach",Guyana,40091 Swift Row,Floyd Dietrich,Eryn36@yahoo.com,692-557-7443 x35642,,,
220,2024-07-02,Pagac - Schimmel,Syrian Arab Republic,889 Schinner Pines,Angelo Fadel,Vernice.Bergstrom@hotmail.com,(451) 700-2116,,,
221,2024-07-02,"Hegmann, Wilkinson and Dare",Niue,911 Domingo Center,Jake Kulas,Mollie_Hahn@hotmail.com,952.281.5888,,,
222,2024-07-02,Hoeger and Sons,French Southern Territories,8701 Mayer Land,Johnnie Feeney-Reilly,Derrick_DuBuque38@hotmail.com,324.833.4190 x009,,,
223,2024-07-02,Crooks - Heaney,Aruba,733 Wilderman Park,Jo Marks,Dayna_Kreiger@hotmail.com,(923) 698-9751 x937,,,
224,2024-07-01,Blick Inc,Guinea-Bissau,184 Winston Loaf,Ms. Shari Murazik,Americo69@hotmail.com,890.941.8574,,,
225,2024-07-01,"Haley, O'Connell and Schinner",Macao,93992 Jerrod Rapids,Clarence Huel,Henderson90@gmail.com,218-609-8585,,,
226,2024-07-02,Brown - McKenzie,Andorra,6356 Lind Wall,Mr. Kim Oberbrunner,Jadon.Lockman@hotmail.com,(472) 379-0256,,,
227,2024-07-02,Reinger and Sons,Oman,115 Dave Harbor,Mr. Kelvin Thiel,Camden.Balistreri@yahoo.com,1-935-729-4737,,,
228,2024-07-01,Rogahn and Sons,Niue,86386 Tromp Ranch,Dr. Kathleen Mueller,Domenic_Lueilwitz@hotmail.com,1-491-550-2037 x5067,,,
229,2024-07-02,Keeling - Kertzmann,Christmas Island,3776 Nicolas Mills,Mitchell Jakubowski,Andres_Miller68@yahoo.com,866-327-6693 x31269,,,
230,2024-07-02,Parisian - Little,South Georgia and the South Sandwich Islands,515 Wintheiser Bypass,Andrew Tremblay,Judy97@yahoo.com,(691) 597-2996,,,
231,2024-07-02,Cummerata Inc,Aruba,6215 O'Kon Parks,Ms. Sonia Beahan,Kira63@yahoo.com,(868) 470-5402,,,
232,2024-07-02,"Kiehn, Leuschke and Powlowski",Cote d'Ivoire,4194 Geovanni Harbor,Jeanne Price,Camila_Kris@gmail.com,(419) 360-8249,,,
233,2024-07-02,Blick and Sons,"Virgin Islands, U.S.",50858 Main Street S,Kelly Hintz,Ivy.Yundt@hotmail.com,1-276-816-7975 x2107,,,
234,2024-07-02,Cummerata - Kihn,Sweden,61043 Drew Row,Ismael Zulauf,Arnold.Smith55@gmail.com,627-497-0886 x781,,,
235,2024-07-01,Heathcote Inc,Haiti,345 Bruen Via,Harry Larson-Boyer,Colton38@hotmail.com,202.894.9683 x96881,,,
236,2024-07-02,"Connelly, Purdy and Beer",Trinidad and Tobago,412 Antonio Walk,Olive Bergstrom,Herminio.Daugherty13@hotmail.com,844-650-4064 x221,,,
237,2024-07-02,Raynor - Legros,Democratic People's Republic of Korea,817 Alek Springs,Mr. Leo Dickens,Adele91@yahoo.com,(925) 977-2331,,,
238,2024-07-02,Wunsch - Morissette,Croatia,5374 Brisa Junction,Mr. Lance Huels,Melody79@hotmail.com,1-669-931-0365 x30239,,,
239,2024-07-02,"Gorczany, Monahan and Grady",Argentina,2899 Feeney Mills,Dr. Erin Breitenberg,Hadley90@yahoo.com,738-927-4984 x866,,,
240,2024-07-01,"Klocko, Stehr and Ondricka",Belarus,74546 Carlie Brook,Bernadette Wiza,Electa_Hermiston@hotmail.com,321-778-0539 x53056,,,
241,2024-07-02,Becker LLC,Nepal,52020 Emard Throughway,Erin Mitchell,Brigitte.Lemke28@gmail.com,1-214-773-2702 x088,,,
242,2024-07-02,Kuhlman - Herzog,Saudi Arabia,797 Lamont Motorway,Billy Heaney,Gabriel_Simonis18@yahoo.com,(612) 722-4024,,,
243,2024-07-02,"Smith, Hermiston and Greenfelder",Iraq,4967 Muhammad Common,Byron Marvin,Scottie27@yahoo.com,853-429-9632 x8180,,,
244,2024-07-02,Mitchell - Gleason,Cameroon,95165 Clarendon Road,Willie Ryan MD,Maymie50@yahoo.com,933-578-2662 x83523,,,
245,2024-07-02,MacGyver Group,Costa Rica,406 South Avenue,Norma Cremin,Maverick_Rowe@yahoo.com,651-332-0360,,,
246,2024-07-01,"Pollich, Macejkovic and Effertz",Micronesia,9162 Lottie Forge,Irene Osinski,Daisy.Crist-Sporer@hotmail.com,(680) 612-3700,,,
247,2024-07-02,"Hauck, Frami and Botsford","Virgin Islands, British",75517 Washington Road,Julio Predovic,Karlee_Rolfson15@hotmail.com,(424) 930-5191 x1747,,,
248,2024-07-01,"Watsica, Murray and Kozey",Libyan Arab Jamahiriya,66821 Washington Boulevard,Earl Kunde,Natalia_Daugherty@hotmail.com,1-636-219-3917 x47442,,,
249,2024-07-01,"O'Kon, Pollich and Marquardt",Chad,243 E High Street,Bertha Kohler,Aleen55@yahoo.com,1-449-736-0199 x37158,,,
250,2024-07-02,Lakin and Sons,Mexico,675 Penelope Knoll,Elijah O'Keefe,Amelie.Heller56@hotmail.com,978.792.3915 x82806,,,
251,2024-07-01,Kovacek - Mante,Tuvalu,9707 Leonie Harbors,Miss Tracy Hickle,Danial.Satterfield@yahoo.com,374-489-1117,,,
252,2024-07-02,"Tromp, Donnelly and Nitzsche",Namibia,915 Wisoky Lane,Ms. Latoya Kris,Mathias.Rau90@gmail.com,(442) 614-4639 x861,,,
253,2024-07-01,Huel - Batz,Cameroon,895 Graciela Parkways,Jordan Little,Benjamin.Waters80@hotmail.com,298.558.2630 x5905,,,
254,2024-07-02,Paucek - Harber,El Salvador,597 Langosh Islands,Mary Gorczany III,Reynold.Rodriguez-Runolfsdottir@hotmail.com,486-542-7443 x794,,,
255,2024-07-02,O'Keefe Inc,Mayotte,370 Oxford Road,Derek Kshlerin,Emmet9@hotmail.com,784.789.2324,,,
256,2024-07-02,"Dibbert, Marks and Runolfsdottir",Macao,332 W Washington Street,Willis Kuhic,Ariel_Senger-Steuber0@yahoo.com,656.243.9809 x75208,,,
257,2024-07-02,Metz Inc,Liechtenstein,8968 Rutherford Islands,Roxanne Kihn,Dayna47@gmail.com,1-348-381-4722 x358,,,
258,2024-07-02,Stark - Hagenes,Gibraltar,45907 Jast Points,Joanne Parisian,Rashawn68@gmail.com,377-286-8630 x19483,,,
259,2024-07-01,"Graham, Effertz and Carroll",Montserrat,1984 Concepcion Island,Miss Jamie Will,Burley_Gutkowski66@gmail.com,437.377.3335 x70444,,,
260,2024-07-01,Hegmann Inc,Palau,618 Tommie Springs,Tracy Barrows-Lubowitz IV,Arden34@gmail.com,779.511.8309 x7947,,,
261,2024-07-01,"Tromp, Ward and Murazik",Lebanon,23777 Hector Spur,Christopher Mayer,Ron_Larson79@hotmail.com,(349) 247-1919 x1877,,,
262,2024-07-02,Beier - Lowe,Croatia,2835 Elda Ferry,Janis Zulauf,Yessenia19@gmail.com,(838) 714-4512 x37717,,,
263,2024-07-01,"Cruickshank, Grimes and Bashirian",Norway,418 Nyasia Walks,Denise Larson,Rosanna.Glover11@gmail.com,1-901-901-1412 x3516,,,
264,2024-07-01,Ankunding - Batz,Armenia,7181 S Church Street,Jerald Brekke PhD,Katelin.Satterfield@hotmail.com,443.731.3109,,,
265,2024-07-02,"Goldner, Muller and Rowe",Sint Maarten,7458 Baker Street,Vicki Oberbrunner,Ebba.Purdy@gmail.com,1-866-234-7282 x815,,,
266,2024-07-02,O'Kon and Sons,Portugal,6229 N East Street,Gladys Kilback,Jose_Quitzon-Grady34@gmail.com,806.350.8474 x967,,,
267,2024-07-02,"Bergstrom, Upton and Stokes",Croatia,925 Larry Mountains,Laurie McLaughlin V,Jaden_Bartell1@yahoo.com,296-970-8412,,,
268,2024-07-01,Spinka - Nienow,Lithuania,1402 Abdullah Camp,Stacy Hermiston,Marielle_Wintheiser84@hotmail.com,257-222-9237,,,
269,2024-07-02,Gerlach Inc,Singapore,134 Lenny Common,Julius Mosciski,Omer67@yahoo.com,784.766.7182 x2100,,,
270,2024-07-02,Feest Group,Puerto Rico,533 Frami Street,Pedro Breitenberg,Osbaldo95@hotmail.com,(753) 298-5481,,,
271,2024-07-01,"Schuppe, Batz and Zboncak",Dominica,14319 Conn Walks,Diane Stehr,Jimmie.Ratke68@yahoo.com,1-719-240-6309 x964,,,
272,2024-07-02,Hegmann - Lesch,Mayotte,591 Stracke Ridge,Alejandro Russel,Alvena_Bergstrom3@gmail.com,(389) 468-6172,,,
273,2024-07-02,"Hessel, Hand and Cormier",Saint Barthelemy,8719 Cordie Streets,Tasha Ryan,Aaron.Langworth90@yahoo.com,(655) 665-3056 x1133,,,
274,2024-07-02,"Abbott, Funk and Cole",Cocos (Keeling) Islands,703 Roma Road,Dallas Conroy,Yadira_VonRueden@yahoo.com,764.533.8091,,,
275,2024-07-01,"Hauck, Stroman and Herman",Ukraine,13932 Loma Coves,Dr. Benjamin Rice,Modesto.Erdman@gmail.com,484-988-5464 x476,,,
276,2024-07-02,"Daugherty, Schoen and Mohr",Sierra Leone,5280 Hawthorn Avenue,Lillian Renner,Eleanora.Kozey66@yahoo.com,1-777-432-0228 x5054,,,
277,2024-07-01,Reinger - Boyle,United Arab Emirates,10116 Princess Track,Judy Murazik,Cooper43@yahoo.com,951.444.9149 x8807,,,
278,2024-07-01,"Boyle, Kautzer and Homenick",Eswatini,220 Alma Street,Pam Bednar,Braden_Medhurst@yahoo.com,439-295-3552,,,
279,2024-07-02,Shields - Becker,Kyrgyz Republic,22978 Marquardt Camp,Bernice Wilderman Jr.,Jacinthe.Treutel@yahoo.com,248.522.2893,,,
280,2024-07-01,Schultz - Reinger,Jersey,23490 Kayla Centers,Marlon Wilkinson,Wilber14@hotmail.com,(918) 837-7771 x092,,,
281,2024-07-01,Kunze - Ernser,Sierra Leone,9420 Cavendish Road,Ivan Halvorson,Brittany40@hotmail.com,893-986-9634 x096,,,
282,2024-07-01,"Jaskolski, Marquardt and Schinner",Uganda,7484 Camron Causeway,Ernestine Thiel,Gretchen.Welch14@yahoo.com,824-589-7069 x924,,,
283,2024-07-01,Grant - Padberg,Iceland,613 Lake Avenue,Chelsea Wehner,Kyla_Sanford@yahoo.com,617-728-3655 x020,,,
284,2024-07-02,"Willms, Herzog and Marks",Kenya,1599 Bell Drive,Laurie Hilpert,Fay65@yahoo.com,(966) 909-2267 x6301,,,
285,2024-07-02,Crona Inc,Chad,192 Herzog Crest,Kelly Ziemann,Deonte5@gmail.com,(325) 560-5450 x51710,,,
286,2024-07-02,Mitchell Group,Liechtenstein,2375 Melissa Road,Roman Wuckert DDS,Shea_Spencer@hotmail.com,768-640-8255 x73055,,,
287,2024-07-01,Batz Group,Trinidad and Tobago,623 Aiyana Trail,Tony Ratke,Rodger_Monahan-Wiegand@hotmail.com,1-479-263-3112,,,
288,2024-07-02,Barrows - Cassin,Peru,11635 North Street,Mrs. Rosie Wyman,Katelyn34@hotmail.com,892-455-0097,,,
289,2024-07-02,Hauck and Sons,Norfolk Island,7798 Talia Court,Frederick Parisian,Mike48@hotmail.com,(755) 708-9562 x2321,,,
290,2024-07-01,"Stokes, Cruickshank and Dare",Burkina Faso,15980 Hartmann Lodge,Lisa Sawayn,Orval.Reichert44@gmail.com,(468) 888-6232,,,
291,2024-07-01,Dibbert LLC,South Georgia and the South Sandwich Islands,21292 Edwardo Passage,Dianna Crona,Clair19@yahoo.com,1-438-646-2966 x913,,,
292,2024-07-02,Pagac - Bartell,Liechtenstein,782 Jadyn Ville,Sherman Monahan,Angie.Mueller77@hotmail.com,(797) 245-9524,,,
293,2024-07-01,"Gorczany, Lindgren and Runte",Thailand,739 Rippin Isle,Lonnie Pouros,Aubree44@yahoo.com,433-595-1088 x9795,,,
294,2024-07-02,Ledner - Hermann,Papua New Guinea,559 Dale Street,Isabel Krajcik Jr.,Jaylin74@gmail.com,832.234.3499 x8949,,,
295,2024-07-01,"DuBuque, Prosacco and Gleichner",Turkey,298 Dach Views,Roger Kirlin,Madilyn.Parker@hotmail.com,(495) 881-7731,,,
296,2024-07-02,"McGlynn, Frami and Renner",Senegal,17928 Jaskolski Circles,Leona Wyman-Tillman,Max.Lowe@hotmail.com,(278) 348-9775 x1351,,,
297,2024-07-02,Bauch Group,American Samoa,256 Crescent Road,Mrs. Wilma Bogisich DDS,Amanda44@gmail.com,973.777.6578 x8090,,,
298,2024-07-02,Romaguera and Sons,Namibia,643 The Mount,Wilma Padberg,Doug79@yahoo.com,(239) 604-4970 x5361,,,
299,2024-07-01,Greenholt - Christiansen,Tuvalu,665 Anderson Flat,Lucia Jacobi,Carrie_Casper@yahoo.com,656-619-2990 x667,,,
300,2024-07-01,Keebler - Cummings,Bosnia and Herzegovina,6712 Turcotte Brook,Melba Ullrich,Winfield.Koelpin@hotmail.com,1-984-510-5872 x3597,,,
301,2024-07-01,"Casper, Toy and Bruen",El Salvador,70560 Main,Caleb Kirlin,Aron.Dicki56@hotmail.com,1-731-662-6026 x35907,,,
302,2024-07-01,Hirthe - Tillman,French Polynesia,55484 Lucile Roads,Lorene Hegmann MD,Cullen.OConnell-Lemke@gmail.com,1-723-996-5245 x433,,,
303,2024-07-01,Beier - Runolfsson,San Marino,950 Tristin Prairie,Derrick Adams,Bettie33@yahoo.com,(964) 479-0396 x02335,,,
304,2024-07-01,"Casper, Waelchi and Gibson",Malawi,726 Oaklands,Tracey Thiel,Zena9@hotmail.com,(653) 702-5173 x1321,,,
305,2024-07-02,"Metz, Daugherty and Zieme",Grenada,7700 Casper Ridges,Don Blanda,Maggie_Williamson@gmail.com,887-530-8283,,,
306,2024-07-02,Bruen - Greenfelder,China,4871 Jamison Pass,Pam Prosacco,Alaina.Leuschke@yahoo.com,807-806-5296 x7312,,,
307,2024-07-01,Miller - Miller,Antarctica,8515 Annabel Corner,Stacy Schuster,Morris_Runolfsdottir53@yahoo.com,1-882-249-7886 x0974,,,
308,2024-07-02,Paucek - Lang,Somalia,77322 Franecki Junctions,Guy Klocko,Marie75@yahoo.com,519.447.0285 x31774,,,
309,2024-07-02,Wuckert and Sons,Guyana,7935 Euclid Avenue,Jermaine Walter,Lon_Rogahn@yahoo.com,1-748-524-4896,,,
310,2024-07-01,Marks - Kuhlman,Sao Tome and Principe,1496 Angie Junctions,Charlene Simonis,Alice_DuBuque58@hotmail.com,654-493-4193 x239,,,
311,2024-07-02,Hamill LLC,Fiji,552 Sylvia Landing,Lucille Stark,Nigel_Rowe@gmail.com,1-398-485-7148 x37348,,,
312,2024-07-01,"Wiegand, Kuphal and Funk",Armenia,47473 Webster Curve,Carole Kuphal,Cydney_Rau85@hotmail.com,1-209-797-8164 x8119,,,
313,2024-07-02,"Hagenes, Champlin and Hessel",Bangladesh,54221 Buckingham Road,Jason Berge,Jorge_Macejkovic77@yahoo.com,584-736-0644 x46007,,,
314,2024-07-02,Heathcote - Gottlieb,"Virgin Islands, British",50379 Darlene Spring,Shirley Dooley,Gladyce.Reilly69@hotmail.com,1-295-566-8369 x37031,,,
315,2024-07-01,"Frami, Blick and Bartell",Ireland,2299 Corwin Wells,Lori Volkman,Vivian68@hotmail.com,1-681-433-5374 x38856,,,
316,2024-07-02,Cassin LLC,Indonesia,80211 Ewell Dam,Mr. Kenny Quitzon,Robin31@gmail.com,1-875-800-0593,,,
317,2024-07-01,"Waelchi, Boyle and Murray",Martinique,14990 Haley Mount,Eugene Willms,Dewayne.Gleason@hotmail.com,272.897.2741 x88941,,,
318,2024-07-01,Price - Gorczany,Guadeloupe,9000 Bailey Bypass,Mark Wyman,Joan.Mosciski@gmail.com,1-853-679-3840 x979,,,
319,2024-07-02,Bins Inc,Falkland Islands (Malvinas),549 Roosevelt Corners,Everett Hauck III,Clair40@hotmail.com,402-475-3182 x692,,,
320,2024-07-01,Cremin - Prosacco,Norfolk Island,151 Letitia Route,Brendan Hamill,Darryl57@hotmail.com,(993) 730-4541,,,
321,2024-07-02,Terry Inc,Kyrgyz Republic,1151 Hauck Street,Nancy Hyatt,Rodrick64@yahoo.com,656.608.5818 x1698,,,
322,2024-07-01,Von and Sons,Mongolia,1122 Norfolk Road,Dana Weber,Daryl15@yahoo.com,284-740-7557,,,
323,2024-07-01,"Fahey, Kutch and Conn",Sierra Leone,9121 Mabel Club,Belinda Bergstrom,Kayley.Champlin@gmail.com,511-337-2155 x163,,,
324,2024-07-02,VonRueden - Kautzer,Bhutan,82035 Hintz Well,Dr. Bernard Yost,Edward57@gmail.com,468-260-6026,,,
325,2024-07-02,Gerlach Group,Samoa,3896 Adrien Meadows,Mrs. Arlene Sporer,Brooks59@hotmail.com,1-825-693-8470 x503,,,
326,2024-07-01,Lindgren and Sons,Lesotho,18316 State Avenue,Mr. Kerry Watsica,Jovani56@hotmail.com,1-682-541-6348 x0041,,,
327,2024-07-01,Veum - Ferry,Malawi,2790 W Washington Street,Bryant Kertzmann,Gilda.Wehner@hotmail.com,268.908.0850,,,
328,2024-07-02,Schmeler - Jerde,Canada,94635 Raynor Place,Melody Schultz,Breanne_Roberts30@gmail.com,(498) 516-3454 x327,,,
329,2024-07-01,Dare LLC,Israel,7778 Marquardt Lock,Elbert Bogisich,Jeanette.Kohler30@yahoo.com,370.351.8844 x7598,,,
330,2024-07-02,"Gleichner, Kunde and Feil",Bulgaria,454 Kirlin Streets,Shannon Wuckert,Katelyn14@hotmail.com,458.880.3030 x563,,,
331,2024-07-02,"Blick, Daniel and Gorczany",Sri Lanka,93320 Maple Close,Dorothy Trantow,Royce.Hermann@hotmail.com,(533) 867-0202,,,
332,2024-07-02,"Lockman, Ziemann and Schuster",Angola,2120 Josefa Bypass,Darryl Maggio,Tomasa_Raynor@hotmail.com,1-335-833-5769 x7358,,,
333,2024-07-01,Mills - Abbott,Belize,3533 Dicki Walks,Dr. Gregg O'Kon,Elyssa_Littel@hotmail.com,272.732.4252 x4279,,,
334,2024-07-01,"Romaguera, Altenwerth and Kshlerin",Vanuatu,4209 Priory Close,Jody Hilpert,Lora75@gmail.com,461-440-9213 x17065,,,
335,2024-07-02,"Goodwin, O'Hara and Shields",Tokelau,7942 Mellie Run,Frances Mante,Laurel_Farrell@hotmail.com,209.568.0307,,,
336,2024-07-01,"Kuvalis, Rodriguez and King",New Zealand,5133 Luettgen Key,Kristin Kshlerin,Deondre_Schowalter@hotmail.com,(787) 469-4195 x9958,,,
337,2024-07-02,Gorczany and Sons,Malawi,694 Kelsie Courts,Lyle Ratke,Larissa_Funk68@yahoo.com,399.306.7871,,,
338,2024-07-02,Hane - Vandervort,Portugal,7933 O'Connell Row,Curtis Runolfsdottir,Jana38@yahoo.com,1-881-599-9900 x84597,,,
339,2024-07-02,Christiansen Group,United Kingdom,81200 Glen Estates,Annie Hintz,Carleton.Wiegand@gmail.com,545.680.2076 x31578,,,
340,2024-07-02,Weber LLC,Peru,8777 Bergnaum Dale,Dianne Schumm,Pamela.Spencer@gmail.com,210.799.1383,,,
341,2024-07-02,Hagenes LLC,Czechia,941 Wilfrid Knoll,Constance Terry,Giovanni18@hotmail.com,515-234-5657 x281,,,
342,2024-07-01,Jenkins LLC,Lebanon,70496 Colleen Common,Kenneth Kuhic IV,Eladio30@gmail.com,1-420-848-5024 x68006,,,
343,2024-07-01,Schulist Group,Iran,97874 N Maple Street,Jody Schulist,Chelsey40@yahoo.com,(921) 818-0773 x967,,,
344,2024-07-02,Fahey - Krajcik,Indonesia,698 Konopelski Stravenue,Orlando Cronin,Mary99@hotmail.com,1-413-858-0859 x0834,,,
345,2024-07-02,Tillman Inc,Bahrain,60235 Gabriella Passage,Mildred Fadel,Madisyn64@gmail.com,539-844-6059,,,
346,2024-07-02,Torphy LLC,Central African Republic,9383 Riverside Avenue,Mercedes Nader,London_Fisher@yahoo.com,1-856-623-3727 x14732,,,
347,2024-07-02,Cormier Inc,"Virgin Islands, British",1117 Tower Road,Fredrick Trantow-Becker,Jasen.Ritchie37@gmail.com,1-772-555-8791 x41675,,,
348,2024-07-02,Kuvalis Inc,Gibraltar,9983 Euclid Avenue,Kristy Hamill,Elias_Mante84@hotmail.com,729-728-7603 x01461,,,
349,2024-07-02,Schumm - Rowe,Ghana,9944 Effertz Brooks,Mr. Lee Kuhic DVM,Shanelle_Borer55@yahoo.com,1-916-868-6191 x59043,,,
350,2024-07-02,Willms LLC,Cayman Islands,74048 Enid Courts,Elvira Goyette,Justen97@yahoo.com,1-568-727-4945 x018,,,
351,2024-07-02,Gulgowski - Cole,Canada,67971 Stark Pines,Everett Boyer,Shemar27@gmail.com,724.367.3260 x1403,,,
352,2024-07-01,Turcotte Group,Haiti,3698 Rowan Close,Randy Sauer,Magali_Kozey@gmail.com,(435) 711-6476 x82714,,,
353,2024-07-02,Nicolas Inc,Tunisia,535 Helga Corners,Philip Hamill DVM,Dovie.Rau71@gmail.com,456-507-8053 x017,,,
354,2024-07-02,Hermann - Boyer,Morocco,28063 Cumberland Street,Terri Williamson,Angelita77@gmail.com,335.312.1142 x57783,,,
355,2024-07-01,Upton Inc,Tunisia,517 Marcos Village,Cecelia O'Reilly-Bode,Jovani_Herzog72@gmail.com,205-452-6016 x4617,,,
356,2024-07-01,"Kris, Considine and Christiansen",Uruguay,416 Pierre Ramp,Arthur Romaguera,Lavina.Ziemann67@gmail.com,(630) 596-7279 x507,,,
357,2024-07-02,"Cremin, Crooks and Greenholt",Svalbard & Jan Mayen Islands,26213 Brigitte Mountain,Teri Dare,Justina.Halvorson@yahoo.com,983-256-8077,,,
358,2024-07-02,Donnelly - Moen,Denmark,50214 Adella Forge,Mr. Kelvin Cole,Wilbert.King20@hotmail.com,534.931.8485 x3877,,,
359,2024-07-02,"Langosh, Denesik and Hoppe",Colombia,19435 Salvador Junction,Jodi Collier,Cordia_Carroll38@yahoo.com,987.395.0377 x9652,,,
360,2024-07-02,"Jast, Durgan and Adams",Faroe Islands,660 Lake Street,Tina Hills,Luna78@yahoo.com,1-498-933-3236 x99495,,,
361,2024-07-01,"Watsica, Wehner and Kunze",Belize,188 Romaguera Track,Steve Schultz,Dora_McCullough39@gmail.com,1-413-945-1299 x88319,,,
362,2024-07-02,Watsica Inc,Peru,3092 Cameron Ways,Sally Kshlerin,Michaela.Howell95@hotmail.com,315.544.9202 x2585,,,
363,2024-07-01,"Franecki, Heidenreich and Watsica",Eswatini,95995 Fay Junctions,Rita Rogahn DDS,Nestor.Olson@hotmail.com,665-653-4478 x947,,,
364,2024-07-02,Hudson - Hahn,Palau,3178 Metz Parkways,Kenny Bayer,Camryn37@gmail.com,1-260-346-2981 x497,,,
365,2024-07-02,Lynch - Kozey,Guatemala,20306 Enrique Gardens,Ruth Grant,Sylvia_Daniel31@gmail.com,1-535-903-5975,,,
366,2024-07-01,Miller LLC,Montserrat,432 Stanton Rest,Lucas Ortiz,Gisselle_Raynor@yahoo.com,(539) 690-4438 x4932,,,
367,2024-07-01,Price Group,Argentina,9909 Zulauf Viaduct,Esther Wolf,Della_Ritchie-Jaskolski79@yahoo.com,1-751-207-7431 x80042,,,
368,2024-07-01,"Kulas, Schoen and Friesen",Saint Barthelemy,30482 Schulist Valley,Loren Hammes-Donnelly Sr.,Mia77@yahoo.com,329.635.7117,,,
369,2024-07-02,Schoen and Sons,Wallis and Futuna,4360 Raynor Terrace,Kristen Hoppe,Lester.Huel69@yahoo.com,1-814-883-0702,,,
370,2024-07-01,"Cole, Jones and Lakin",Cote d'Ivoire,885 Hickle Light,Tiffany Ortiz,Margaret90@gmail.com,1-724-261-9582 x0701,,,
371,2024-07-02,Abbott - Bergnaum,Mauritius,4799 Stella Wells,Doug Lind,Anna85@gmail.com,(971) 679-8839 x57450,,,
372,2024-07-02,Turner - Braun,Gabon,4570 Woodlands Avenue,Edgar Mante,Lucas_Gerlach@hotmail.com,950.302.1734 x0808,,,
373,2024-07-02,Glover LLC,Belgium,1861 Virgie Pike,Juan Reinger,Meredith27@yahoo.com,808.991.7404,,,
374,2024-07-02,"Schmeler, Kreiger and Kertzmann",Saint Vincent and the Grenadines,14228 Jannie Vista,Laverne Reichert,Kacie42@yahoo.com,996.353.5142 x3229,,,
375,2024-07-02,Sipes Inc,Puerto Rico,96629 Schiller Junctions,Dana Mills,Nathen.Kling@yahoo.com,717-464-1261 x731,,,
376,2024-07-02,Kovacek - White,Sint Maarten,257 Metz Rapids,Courtney Lind,Sharon_Wyman@gmail.com,493-409-8534 x733,,,
377,2024-07-01,"Schuppe, Feest and DuBuque",Democratic Republic of the Congo,223 High Road,Melba Herzog,Berniece67@hotmail.com,(776) 940-2665 x7373,,,
378,2024-07-02,Kihn - O'Connell,Timor-Leste,9037 Laurel Close,Roxanne Williamson,Hollie.Wisoky@yahoo.com,(761) 876-1553 x767,,,
379,2024-07-02,"Schuppe, Botsford and Lynch",British Indian Ocean Territory (Chagos Archipelago),428 Meadow Way,Nathaniel Hayes,Joe_Rutherford67@yahoo.com,1-448-512-9119,,,
380,2024-07-02,Cruickshank Group,Argentina,84018 Felix Unions,Miss Tabitha Brekke V,Elaina_Goyette@yahoo.com,463-271-8923 x9708,,,
381,2024-07-01,"Rempel, Sauer and Wiza",Guadeloupe,3411 Walter Falls,Jordan Lehner,Chaim49@yahoo.com,345-246-7107 x0597,,,
382,2024-07-01,Bernier - Osinski,Albania,20560 Amiya Spur,Claudia Leannon III,Roscoe_Rohan2@yahoo.com,(213) 583-8007 x67204,,,
383,2024-07-01,Stehr - Harris,Burkina Faso,195 Waelchi Loaf,Paula Schuppe,Ocie_Shields61@yahoo.com,962-500-0490 x02097,,,
384,2024-07-02,Daugherty Group,Falkland Islands (Malvinas),662 The Sidings,Arlene Reichert,Emmet.Stracke75@hotmail.com,791.856.2519 x2550,,,
385,2024-07-02,Gulgowski and Sons,Czechia,3108 S West Street,Ms. Tracy Beatty,Precious_Gottlieb2@gmail.com,(250) 395-1997,,,
386,2024-07-01,Willms Group,Mauritius,7897 Sarina Meadows,Miss Carole Johnson,Margarett81@gmail.com,275-502-0427 x37552,,,
387,2024-07-02,"Strosin, Price and Will",Bahamas,5587 The Oval,Ollie Lang,Pascale_Pacocha74@yahoo.com,(714) 546-1403,,,
388,2024-07-01,Hansen Inc,Hong Kong,69439 Ila Extensions,Shirley Dibbert,Amy29@hotmail.com,(996) 347-8332 x5524,,,
389,2024-07-02,Emard - Leannon,Saint Barthelemy,8884 The Lane,Karl Barton,Matteo_Boyle@yahoo.com,212.345.2313 x98375,,,
390,2024-07-01,"Kuvalis, Ryan and Haley",Saint Helena,735 Anabel Cliffs,Estelle Lind-Murazik,Kelly_Muller17@gmail.com,(475) 717-7396 x37801,,,
391,2024-07-02,Steuber - Prosacco,Timor-Leste,26269 Mohamed Circles,Inez Swaniawski,Chance81@yahoo.com,572-594-8250,,,
392,2024-07-02,Bechtelar - Connelly,Algeria,619 McKenzie Spur,Elijah Hudson,Lemuel66@yahoo.com,807.741.9223 x27213,,,
393,2024-07-02,"O'Keefe, Schroeder and Sporer",Congo,306 Becker Green,Danielle Hauck,Sarina55@yahoo.com,739-553-7755 x10028,,,
394,2024-07-01,Schroeder - Bosco,Norfolk Island,21467 Weimann Forest,Amos Stokes,Veda79@yahoo.com,(327) 558-7732 x4538,,,
395,2024-07-02,Spinka Group,Dominica,4145 Sandringham Road,Patsy Schmidt,Joe_Collins@gmail.com,327.427.6896 x45369,,,
396,2024-07-02,"Connelly, Jerde and Mann",Guam,848 Lind Rapid,Christina Schmitt,Jamie96@gmail.com,(540) 529-4210 x884,,,
397,2024-07-01,"Gottlieb, Conn and Waelchi",Taiwan,3676 Cassin Inlet,Alexandra Mosciski,Melvin_Baumbach5@yahoo.com,288.250.1412 x83703,,,
398,2024-07-01,"Ruecker, Cremin and Becker",Uruguay,21900 Manor Road,Guadalupe Herman,Davon10@gmail.com,(422) 495-2929 x906,,,
399,2024-07-02,Okuneva - Maggio,Russian Federation,8851 Kris Rapids,Casey Muller,Aditya75@hotmail.com,1-747-903-6482 x789,,,
400,2024-07-02,Schulist - Stanton,Burundi,84905 Brendon Pine,Deanna Gislason,Buster_Kassulke72@hotmail.com,1-371-812-6993,,,
401,2024-07-02,Schumm - Wolff,Papua New Guinea,9454 Heidenreich Orchard,Rene Anderson,Corine_OHara@yahoo.com,1-955-583-9128 x61049,,,
402,2024-07-02,"Stokes, Hudson and Hoppe",Uganda,66450 Jefferson Avenue,Erik Macejkovic,Mariam_Kozey@gmail.com,(463) 824-4975 x887,,,
403,2024-07-02,Senger - King,Chad,154 W 8th Street,Seth Halvorson,Spencer_Haag29@yahoo.com,(604) 622-6902 x4612,,,
404,2024-07-02,Larson - Stiedemann,Lebanon,6880 S Union Street,Garry Kulas,Irving.Veum8@yahoo.com,526.741.7607,,,
405,2024-07-02,"Fahey, Kub and Roberts",Northern Mariana Islands,8969 Bauch Valleys,Leigh Thompson,Israel.Baumbach@gmail.com,660.464.9442 x924,,,
406,2024-07-02,Wyman LLC,Ireland,2665 Nader Row,Latoya Considine,Terrence.Abshire55@yahoo.com,(820) 555-3616,,,
407,2024-07-02,Monahan - Schimmel,Montenegro,6500 Jamaal Turnpike,Devin Heidenreich,Hollis36@yahoo.com,618-669-0890,,,
408,2024-07-01,Casper - Mayer,Slovenia,9062 Oleta Forge,Florence Borer,Jakayla_Lang@gmail.com,228.943.2574,,,
409,2024-07-02,"Pfeffer, Langosh and Bayer",United States of America,316 Kaitlin Knoll,Stanley McGlynn,Oswald80@gmail.com,790.834.3904 x255,,,
410,2024-07-02,"Hamill, Beatty and Altenwerth",Venezuela,76309 Stehr Way,Shawn Moore,Arturo.Johns87@yahoo.com,754-468-0173 x974,,,
411,2024-07-02,Heller - Breitenberg,Bangladesh,952 Henry Street,Cathy Prosacco,Shyann78@yahoo.com,(504) 819-1915,,,
412,2024-07-01,Larkin - Connelly,Russian Federation,691 Krajcik Viaduct,Donna Hand,Elyssa_Lang21@gmail.com,1-899-844-5104 x6609,,,
413,2024-07-01,"Mueller, Murazik and Feeney",Cameroon,95231 W 9th Street,Lyle Reichel,Vincenzo42@yahoo.com,426-521-5400 x7494,,,
414,2024-07-02,Kertzmann - Klein,Bolivia,4208 Kasey Lodge,Alexander Muller,Dariana_Aufderhar@hotmail.com,1-609-836-7793 x71614,,,
415,2024-07-02,Torphy and Sons,French Southern Territories,54809 N 6th Street,Juan West,Claude.Wehner-Vandervort19@yahoo.com,(954) 420-1091 x595,,,
416,2024-07-02,Prosacco - Fadel,Bermuda,66768 Church Avenue,Mr. Ken Dicki,Cornell.Feest47@hotmail.com,965-204-0037 x5737,,,
417,2024-07-02,Conroy Group,Trinidad and Tobago,683 East Street,Myron Sawayn,Kaylin0@yahoo.com,694-213-6355 x8818,,,
418,2024-07-02,Hickle Group,Tokelau,1986 College Street,Dr. Bradford Prosacco,Reta_Gottlieb80@yahoo.com,(420) 421-7425 x15713,,,
419,2024-07-02,Marvin LLC,Andorra,367 Delphine Grove,Calvin Douglas I,Johnathon_Wiegand@gmail.com,796.747.3405 x49470,,,
420,2024-07-01,Kautzer - Krajcik,Kiribati,99669 O'Conner Common,Carlos Hahn,Gilberto87@gmail.com,825-783-6446 x97528,,,
421,2024-07-02,Kirlin - Grady,Finland,230 Gutmann Squares,Nicole Schimmel,Wilfred_Weber42@hotmail.com,(293) 419-8770,,,
422,2024-07-01,"Hintz, Reilly and Monahan",United Kingdom,61737 Kayleigh Lake,Aaron Abshire,Candida86@yahoo.com,1-256-296-5756,,,
423,2024-07-02,"Schaefer, Altenwerth and Hartmann",Madagascar,6441 Freda Glen,Maria Becker,Modesto38@hotmail.com,(684) 395-1963 x6276,,,
424,2024-07-02,Hahn LLC,Burkina Faso,604 Canal Street,Gina Bode,Cyrus52@yahoo.com,1-577-243-1707 x598,,,
425,2024-07-02,"Schimmel, Steuber and Stiedemann",Guinea,39903 Roman Road,Bob Grimes,Alvis.Kunze@yahoo.com,226-400-0261 x5668,,,
426,2024-07-01,"Schumm, Baumbach and O'Hara",Indonesia,88761 Crist Shores,Melody Stracke,Anika56@gmail.com,1-993-221-2493 x77100,,,
427,2024-07-01,"Wyman, Kuvalis and Huel",Georgia,1119 Santa Harbor,Drew Roberts Jr.,Hazle_Hintz75@yahoo.com,958.915.0623 x775,,,
428,2024-07-02,Conroy Inc,Uganda,32868 Huels Shore,Dr. Salvatore Grady,Reva74@hotmail.com,1-496-509-5404 x96177,,,
429,2024-07-02,Blick - Kshlerin,Lao People's Democratic Republic,5249 Jakubowski Trace,Dr. Flora Walsh,Kamryn49@hotmail.com,1-575-620-9630,,,
430,2024-07-02,Bechtelar Group,Mauritania,812 Lake Drive,Estelle Lockman,Morris_Reichert@hotmail.com,1-289-887-6600,,,
431,2024-07-01,Schoen - Satterfield,Israel,19528 Nayeli Mountains,Boyd Olson,Aylin.Monahan13@gmail.com,1-256-849-2071,,,
432,2024-07-02,Walter - Weissnat,"Virgin Islands, U.S.",618 Parker Port,Betsy Mayer,Annabell55@gmail.com,554.846.0774 x95297,,,
433,2024-07-02,"Keebler, Cartwright and Haley",Tunisia,9176 Stark River,Ernesto Davis,Cody.Murazik@yahoo.com,(888) 695-9255,,,
434,2024-07-02,D'Amore - Leuschke,Cameroon,498 Providenci Trafficway,Jennie Prohaska-Lynch,Hollie.Wilderman@hotmail.com,(623) 360-3253 x5960,,,
435,2024-07-02,Feest LLC,Mongolia,852 Flatley Streets,Douglas Labadie,Fabiola62@gmail.com,(250) 618-0469 x12985,,,
436,2024-07-02,Towne - Reichel,Montserrat,543 High Street,Darnell Macejkovic,Annabelle82@gmail.com,(319) 902-7119 x4786,,,
437,2024-07-02,Swaniawski - Nicolas,Egypt,1072 Felipe Point,Ernestine Kilback,Kaelyn_Swift@yahoo.com,(404) 340-0314 x3517,,,
438,2024-07-01,"Pagac, Yundt and Hills",Azerbaijan,888 Kira Route,Toby Blick,Edward.Towne@gmail.com,1-760-595-9080 x233,,,
439,2024-07-01,Reilly - Heaney,Serbia,29889 Marjorie Knoll,Zachary Collier,Elody.Botsford@gmail.com,711-393-4057 x90227,,,
440,2024-07-02,Champlin - Tillman,Germany,1412 Parker Falls,Celia Goyette,Bertram_Marquardt@yahoo.com,865.218.6085 x72111,,,
441,2024-07-02,Klocko Inc,Panama,45281 Leffler Tunnel,Miss Angie Koch,Briana32@gmail.com,924.729.4138 x77463,,,
442,2024-07-01,Miller - Gibson,Azerbaijan,72018 Leuschke Loaf,Kerry Deckow,Taylor.Koelpin@yahoo.com,1-509-661-1483 x880,,,
443,2024-07-02,"Skiles, Torphy and Graham",Switzerland,5483 Harrison Lane,Bertha Bechtelar,Zula.Smitham7@yahoo.com,(549) 964-6496 x7946,,,
444,2024-07-02,"Block, Gorczany and Lakin",Venezuela,6148 Littel Land,Roderick Rohan,Kristoffer.Mayert@gmail.com,(305) 264-3986 x01078,,,
445,2024-07-01,"Reichel, Bartoletti and Volkman",Bosnia and Herzegovina,94516 Richard Course,Andrea Goyette,Kaylah21@yahoo.com,721-729-0256,,,
446,2024-07-01,Renner - Brown,Austria,5353 Heaney Camp,Eric Haag,Webster.West@hotmail.com,1-984-598-7425 x244,,,
447,2024-07-01,Kutch - Klocko,Saint Vincent and the Grenadines,6195 Ledner Overpass,Miss Diana Carter,Joel.Halvorson@gmail.com,389.219.8648 x337,,,
448,2024-07-01,"Greenholt, Beatty and Mann",Bangladesh,3520 Swaniawski Heights,Jermaine Kshlerin,Wellington.Deckow@gmail.com,987.531.6202,,,
449,2024-07-02,"Prohaska, Kovacek and Harris",Namibia,646 Alford Tunnel,Mr. Phil Brakus,Brook_Bechtelar@yahoo.com,(346) 776-1790,,,
450,2024-07-01,"Kerluke, Ortiz and Rohan",French Southern Territories,944 Hudson Loop,Latoya Hudson,Brandon_Kertzmann@gmail.com,557.752.2783 x3314,,,
451,2024-07-01,Champlin - Zemlak,Colombia,69580 Moss Lane,Dr. Wilma Bergstrom,Betty_Lockman@yahoo.com,270-682-2697 x52025,,,
452,2024-07-01,"Altenwerth, Von and Schamberger",Cameroon,5033 Genevieve View,Miss Olive Swift,Arnold_Cummings31@hotmail.com,(381) 960-4165,,,
453,2024-07-01,Mitchell - Koch,Svalbard & Jan Mayen Islands,5117 Wellington Street,Conrad O'Connell-Christiansen MD,Franco52@yahoo.com,(626) 543-8283 x55993,,,
454,2024-07-02,Wintheiser LLC,Honduras,75458 Clinton Street,Irvin Hickle,Jorge_Schoen3@yahoo.com,(412) 419-0785 x8342,,,
455,2024-07-01,"Moen, Herzog and Walker",North Macedonia,75686 Floy Drives,Leon Huel MD,Candido28@hotmail.com,299.808.6017 x2011,,,
456,2024-07-02,"Mosciski, Prosacco and Denesik",Portugal,97268 Emie Ridge,Mr. Bernard Schamberger,Clara.OKeefe@gmail.com,(616) 796-9429 x188,,,
457,2024-07-02,Dickinson - Ledner,Montenegro,515 Meadow Way,Nichole Grimes,Eula.Beahan@yahoo.com,722.754.3398,,,
458,2024-07-02,Kihn and Sons,New Caledonia,5290 Pennsylvania Avenue,Bruce Zboncak,Fern51@gmail.com,(643) 891-2186 x614,,,
459,2024-07-01,Frami LLC,Cuba,41454 Hawthorn Avenue,Eleanor Robel,Davin82@hotmail.com,957.225.4549 x28340,,,
460,2024-07-02,Reichert Group,Grenada,8665 Cedar Street,Miss Kellie Stokes,Mack24@yahoo.com,705-845-0663 x721,,,
461,2024-07-01,"Schumm, Bailey and Hyatt",Cook Islands,432 Estel Ridges,Dr. Pablo Carter,Mike47@gmail.com,(454) 861-8849,,,
462,2024-07-02,"Johnston, Grant and Funk",Argentina,66535 Richie Isle,Sarah Kunde,Conor.Metz@hotmail.com,1-565-267-6087 x331,,,
463,2024-07-02,"Rempel, Schinner and Ernser",Western Sahara,948 Hegmann Creek,Gregg Fahey,Charley59@yahoo.com,1-897-247-0091,,,
464,2024-07-02,"Kohler, Fisher and Kub",Cyprus,1185 Kings Highway,Christie Jast,Cleo_Rempel36@yahoo.com,442.367.7424,,,
465,2024-07-02,Bode - Gutmann,Bahamas,43122 Renee Manor,Dr. Ira Frami,Dovie_Bode@yahoo.com,1-724-329-4728 x08216,,,
466,2024-07-02,Crooks - Daniel,French Southern Territories,4071 Amani Shore,Leo Wilkinson,Dewayne31@hotmail.com,505.713.8320 x3092,,,
467,2024-07-01,"Gusikowski, Cummings and Robel",Jamaica,928 Alison Ranch,Gina Davis,Ardith86@yahoo.com,(400) 986-1182,,,
468,2024-07-02,Barrows and Sons,Democratic Republic of the Congo,4646 S Main,Leslie Paucek V,Ubaldo.Gutkowski-Rutherford@hotmail.com,972.564.5578 x95577,,,
469,2024-07-01,"Feest, Boyle and Steuber",Eritrea,673 O'Kon Dam,Marilyn Homenick,Wilton.Jacobs@hotmail.com,673-209-5873 x09361,,,
470,2024-07-01,Hilpert Group,Western Sahara,64053 Hassie Branch,Erma Rath,Misael_Boehm@yahoo.com,(367) 365-2380 x450,,,
471,2024-07-01,Windler - Quigley,San Marino,624 Johathan Spring,Terence Erdman,Miguel_OReilly@hotmail.com,1-935-354-6946 x402,,,
472,2024-07-02,Kovacek LLC,Ireland,5442 O'Kon Lodge,Violet Gorczany,Jay38@yahoo.com,792.962.8841 x6055,,,
473,2024-07-02,"Flatley, Collins and Streich",Tunisia,8557 Elian Falls,Kirk Cormier,Karlee.Doyle20@yahoo.com,852-560-4297 x829,,,
474,2024-07-02,Hahn - Goodwin,Suriname,78219 Krajcik Pass,Lowell Predovic,Retha.Dietrich@gmail.com,848-513-0320 x014,,,
475,2024-07-02,Torp - Lueilwitz,Palau,89105 Jefferson Avenue,Carl Swift,Guadalupe.Cremin10@gmail.com,1-814-788-5889 x18147,,,
476,2024-07-01,"Howell, Walter and Carter",Grenada,6435 Celia Inlet,Donald Kuhlman,Joseph.Mohr@yahoo.com,982.791.2496 x52378,,,
477,2024-07-02,"Schaefer, Flatley and McCullough",Mayotte,317 E Park Avenue,Marjorie Yundt,Dejah98@gmail.com,1-442-904-6207 x278,,,
478,2024-07-01,Leuschke - Abernathy,Portugal,41207 Ortiz Fords,Vincent Lemke,Alda_Jaskolski@yahoo.com,976.830.9897 x9079,,,
479,2024-07-01,Marks - Ward,Rwanda,375 Francesca Fort,Shawna McClure,Dawn.Carter@yahoo.com,(585) 966-0830 x600,,,
480,2024-07-02,Durgan - Daugherty,French Polynesia,16259 Christian Stravenue,Mae Kovacek,Blanche.Mohr17@hotmail.com,802-911-1323 x23830,,,
481,2024-07-02,Harris - Lang,Ireland,42352 West Lake,Mildred Robel-Roberts,Isabel.Batz@hotmail.com,1-973-212-4856,,,
482,2024-07-02,Baumbach Inc,Papua New Guinea,39440 Harber Unions,Brendan Hahn,Vance53@hotmail.com,(824) 221-2413 x891,,,
483,2024-07-02,Bechtelar Group,India,742 Kutch Creek,Toni Bruen,Theresia.Carroll@yahoo.com,569-777-4249 x7777,,,
484,2024-07-02,Spinka - Miller,Papua New Guinea,41163 Alfred Bridge,Kelly Hammes,Hannah45@gmail.com,560-798-4236 x063,,,
485,2024-07-01,Veum - Cassin,Sierra Leone,24921 St George's Road,Carlos Weissnat,Leonora.Koepp@hotmail.com,1-419-986-7036 x870,,,
486,2024-07-02,Deckow - Hilll,North Macedonia,576 Kub Flat,Neal Franey,Laverne46@hotmail.com,722-257-0970 x107,,,
487,2024-07-01,Robel - Hodkiewicz,Kyrgyz Republic,4888 Meadow Close,Audrey Bosco,Mitchel_Crona@hotmail.com,730-393-3822 x997,,,
488,2024-07-02,Spinka and Sons,Isle of Man,83088 Wilkinson Orchard,Marlene Mills,Jammie12@gmail.com,739-205-3684 x02569,,,
489,2024-07-02,"Stokes, Kiehn and Kiehn",Antigua and Barbuda,66393 Stamm Mills,Alexandra Bogan,Jordan_Bayer7@yahoo.com,1-262-386-2486 x61323,,,
490,2024-07-02,"Auer, Ruecker and Funk",Rwanda,1614 Noelia Field,Darnell Johnston,Mervin62@yahoo.com,1-996-258-8825,,,
491,2024-07-01,"Greenfelder, Auer and Schumm",Bahrain,53904 Maverick Drive,Franklin Hyatt,Tiana_McGlynn@gmail.com,799-291-8488 x9348,,,
492,2024-07-01,"Parisian, Farrell and Keeling",South Sudan,6489 The Crescent,Gerard Breitenberg,Dock.West@hotmail.com,203.916.6997 x66984,,,
493,2024-07-01,"Swaniawski, Kunde and Harber",Uruguay,93987 N Oak Street,Clint Kshlerin,Cloyd_Goyette71@gmail.com,781.428.7652,,,
494,2024-07-01,"Hintz, Pfeffer and Hansen",Sudan,73344 Lisette Hill,Lula Jaskolski,Giuseppe40@gmail.com,(949) 407-6540 x05743,,,
495,2024-07-02,"Stamm, Bailey and Rolfson",Falkland Islands (Malvinas),5434 Cummings Garden,Michele Kreiger,Myrtice_McDermott37@yahoo.com,1-503-916-6744 x79564,,,
496,2024-07-01,"Friesen, Bruen and Lubowitz",Northern Mariana Islands,8162 Cedrick Brook,Guadalupe Hodkiewicz,Chaz83@yahoo.com,377-514-6197,,,
497,2024-07-01,Cole and Sons,Canada,77453 Rozella Stream,Marianne Volkman,Gideon.Schultz36@yahoo.com,(269) 341-8136,,,
498,2024-07-02,Breitenberg - Wisoky,Papua New Guinea,430 Rashawn Burgs,Johnathan Larkin,Eva_Williamson@gmail.com,364-714-7611 x4311,,,
499,2024-07-01,"Armstrong, Cronin and Schmitt",Bahrain,546 River Street,Betsy Herzog,Terrence86@yahoo.com,(419) 919-5049,,,
500,2024-07-01,Klein LLC,Anguilla,297 Lowell Street,Gene Watsica,Demario.Considine84@gmail.com,1-635-823-5307,,,
501,2024-07-02,Wisozk Group,Costa Rica,8792 Hubert Expressway,Ms. Georgia Little,Davonte.Wilderman45@yahoo.com,512-943-0567 x94081,,,
502,2024-07-01,"Doyle, Funk and Treutel",Seychelles,8769 Davis Alley,Bill Fritsch,Hildegard.McLaughlin@hotmail.com,828.761.6323 x030,,,
503,2024-07-02,"O'Connell, Schinner and Funk",South Africa,77201 Okuneva Throughway,Rhonda Gulgowski PhD,Karelle.Haag40@yahoo.com,825-265-0456 x320,,,
504,2024-07-02,Stracke - Ryan,Bosnia and Herzegovina,6799 Lafayette Street,Jana Ritchie,Gabrielle.Kovacek@yahoo.com,1-348-822-8544 x30587,,,
505,2024-07-01,"Morissette, Franey and Johnson",Greece,6285 Salisbury Road,Ismael Stanton,Isaac_Dicki@gmail.com,706-653-3881 x7131,,,
506,2024-07-01,Howe Group,Brunei Darussalam,16794 Zack Dale,Steve Swaniawski,Dillon_Halvorson45@hotmail.com,(233) 304-0401 x27006,,,
507,2024-07-02,Frami - Predovic,Malawi,138 Emilia Cliffs,Dr. Kristine Weimann,Alvena69@hotmail.com,911-462-8039 x0812,,,
508,2024-07-02,Beahan - Bahringer,Palau,7562 Hudson Stream,Jerome Metz,Judd89@hotmail.com,607-844-0765 x3860,,,
509,2024-07-01,Hettinger - Runte,Bouvet Island,662 Hudson Fall,Jacquelyn Kub,Freeman.Heaney@gmail.com,678.777.0080 x486,,,
510,2024-07-01,Kassulke - Hilpert,Saint Barthelemy,8701 Kaia Park,Julie Strosin,Elnora.Strosin@hotmail.com,1-257-658-6382 x1244,,,
511,2024-07-02,Murazik - Corkery,Saint Lucia,5120 Turner Plain,Darrell Schowalter,Xavier67@hotmail.com,450.385.7505 x057,,,
512,2024-07-02,Ullrich Group,Antarctica,6326 University Avenue,Rosalie Runolfsdottir,Guillermo55@yahoo.com,1-301-449-2481 x4858,,,
513,2024-07-01,"Watsica, Koch and Cormier",Saint Kitts and Nevis,69519 Jenkins Spurs,Alonzo MacGyver,Franz.Schultz@gmail.com,223.909.0142 x309,,,
514,2024-07-02,Swift - Jacobi,Bouvet Island,2237 Rogahn Ford,Fernando Tillman,Odell.Auer29@hotmail.com,1-450-541-9929 x61051,,,
515,2024-07-01,Skiles - Kohler,Poland,30482 Strosin Throughway,Oliver Abbott,Anita.Barton@yahoo.com,267.423.3904 x1235,,,
516,2024-07-02,"Gorczany, Cormier and Kuvalis",Central African Republic,92063 North Lane,Dr. Kim Farrell,Mac.Lesch58@yahoo.com,1-470-974-2223 x202,,,
517,2024-07-01,Mosciski - Stroman,Iran,15012 Lueilwitz Cliffs,Fredrick Bednar,Hardy.Breitenberg10@hotmail.com,954-587-3186 x007,,,
518,2024-07-02,Altenwerth Inc,Portugal,9007 Riverside Avenue,Bonnie Langosh,Jamil80@hotmail.com,396.294.2891,,,
519,2024-07-02,"Corwin, Kautzer and Rempel",Aruba,33989 Oxford Road,George Hintz,Amya_Purdy@gmail.com,396.868.5219 x7793,,,
520,2024-07-02,Roob Group,South Sudan,9281 Gloucester Road,Wallace Hodkiewicz,Antonietta.Hane@hotmail.com,1-956-718-1241 x286,,,
521,2024-07-01,"Schaden, Kunde and Reichert",Paraguay,24115 Toy Light,Vickie Braun,Jamarcus37@gmail.com,(209) 788-0794 x678,,,
522,2024-07-01,Weissnat LLC,Hong Kong,23113 Park Lane,Miss Myrtle Dietrich,Giovani80@yahoo.com,(344) 941-3676 x66758,,,
523,2024-07-02,Lang - Schinner,Peru,8146 Wolf Extension,Ron Von,Hermann.Thompson@yahoo.com,(853) 891-2539 x5171,,,
524,2024-07-01,"Cole, Goldner and Frami",Turkmenistan,5646 Riverside Drive,Mattie Anderson,Kylie_Powlowski70@gmail.com,1-603-704-0297,,,
525,2024-07-02,"Jakubowski, Adams and Friesen",Nicaragua,246 Lake Drive,Hazel Gutkowski,Gladyce_Cummerata@hotmail.com,(239) 874-5840 x316,,,
526,2024-07-02,Schowalter - Lemke,Venezuela,295 The Glebe,Kim Wiegand,Malachi_Rath56@yahoo.com,344.352.8133,,,
527,2024-07-02,Durgan - Terry,Mongolia,10428 Huel Common,Brad Mosciski,Kolby_Watsica54@gmail.com,1-712-605-2967,,,
528,2024-07-01,Hand Group,Tonga,71233 Wyman Corner,Rufus Haag,Dudley17@gmail.com,1-535-837-6978 x70820,,,
529,2024-07-02,Kessler - Reilly,Malaysia,87974 Langosh Flats,Mario Bradtke,Layla.Corwin78@gmail.com,(240) 615-8928 x68883,,,
530,2024-07-02,"Spinka, Sauer and Jast",Taiwan,4983 Bennie River,Ms. Sally Bernier,Hailee_Reynolds@gmail.com,476.309.5656 x806,,,
531,2024-07-02,Kshlerin - Kreiger,Wallis and Futuna,55248 Fadel Brook,Marilyn Schumm DDS,Lizeth.Franey79@gmail.com,683-813-1519 x4419,,,
532,2024-07-02,"Hahn, Kovacek and Rice",United Kingdom,35879 Boyle Estate,Jody Beatty,Max84@gmail.com,(680) 434-6577 x2341,,,
533,2024-07-02,Konopelski - Bernier,Sierra Leone,9444 Birch Close,Enrique Ziemann PhD,Celestino.Lakin@hotmail.com,(470) 244-3196 x66011,,,
534,2024-07-02,Bergstrom and Sons,Senegal,90005 Alice Parkway,Verna Funk,Bessie.Strosin33@gmail.com,420.513.3330,,,
535,2024-07-02,McKenzie - Nicolas,Panama,708 N Monroe Street,Valerie Abernathy,Amya_Watsica93@hotmail.com,(218) 357-9611,,,
536,2024-07-02,Glover - Hayes,Saint Pierre and Miquelon,55229 Elvis Fort,Dexter Grant,Hoyt2@yahoo.com,616.513.2821,,,
537,2024-07-02,"Becker, Schiller and Graham",Morocco,666 Field Lane,Preston Hickle,Kadin97@hotmail.com,1-432-612-9060 x01243,,,
538,2024-07-01,"Muller, Quitzon and Cruickshank",Nepal,3619 Heidenreich Isle,Marlene Mills II,Rollin.Rau@yahoo.com,818-693-1112 x616,,,
539,2024-07-02,"Schneider, Gusikowski and Cassin",Cuba,507 Deja Underpass,Mr. Duane Von,Cierra_Fritsch32@hotmail.com,277-345-7045 x24410,,,
540,2024-07-02,"Kuhic, D'Amore and Greenfelder",Western Sahara,362 Deondre Hill,Miss Jacquelyn Bergnaum,Bonita.Daugherty@hotmail.com,797.918.9103 x5746,,,
541,2024-07-01,"Feest, O'Keefe and Hintz",Turkmenistan,503 Stracke Orchard,Barry Carter,Cassandre67@hotmail.com,805-321-7475 x151,,,
542,2024-07-02,"O'Conner, Welch and Langworth",Sint Maarten,300 Enola Key,Ms. Lisa Effertz,Blaise.Kilback30@yahoo.com,923.939.2525 x4601,,,
543,2024-07-02,Weissnat Group,Bolivia,5213 Manor Road,Krystal Hettinger,Alexandre31@hotmail.com,(519) 516-4945 x781,,,
544,2024-07-01,Senger - DuBuque,Dominica,97023 Madilyn Divide,Mrs. Yvonne Leuschke,Issac_Baumbach@yahoo.com,485.541.4553 x4860,,,
545,2024-07-02,Kuhic - Hickle,Mozambique,508 Norene Loop,Stanley Kohler,Jaunita_Krajcik@yahoo.com,(454) 534-9656 x3290,,,
546,2024-07-02,Dickinson Group,Grenada,8303 Braun Forks,Wilbur Huels,Ozella91@gmail.com,951.745.0190 x2371,,,
547,2024-07-01,O'Hara Group,Saint Helena,3541 DuBuque Shoal,Dale Langworth-Russel,Lucius_Streich@yahoo.com,1-721-990-7938 x1354,,,
548,2024-07-01,Bergstrom and Sons,South Sudan,5631 Oak Lane,Janie Corwin,Haylie_Crist-Price@gmail.com,676.702.4609 x28020,,,
549,2024-07-02,Muller Inc,Czechia,288 Claudine Estates,Lora Dickinson,Jennifer23@gmail.com,1-984-822-7968,,,
550,2024-07-02,Kiehn - Schroeder,Montserrat,9723 Windler Ferry,Leticia Boyer,Albina_Blanda68@gmail.com,748.416.9268,,,
551,2024-07-01,"Kirlin, Volkman and Goyette",El Salvador,692 Schumm Parkways,Jonathon Jakubowski,Kasey_Dietrich20@yahoo.com,511.561.4075 x00663,,,
552,2024-07-02,Hirthe - Bogan,Ukraine,5045 Reagan Course,Anna Hauck IV,Zack.Thiel-Bogisich@hotmail.com,1-241-987-4463,,,
553,2024-07-02,"Gleason, Hammes and Shields",Democratic Republic of the Congo,893 Verdie Dam,Dr. Keith Bashirian,Tara.Kunde@yahoo.com,(632) 490-4820 x3632,,,
554,2024-07-01,Predovic - Rutherford,Colombia,7142 Turcotte Streets,Gwen Reynolds,Albert.Hoeger5@gmail.com,882.965.6309 x823,,,
555,2024-07-01,"Wilderman, Wolf and Feeney",Aruba,19032 Dare Path,Jimmy Gleason,Eula_Reilly42@yahoo.com,680-265-7225,,,
556,2024-07-01,Stanton - Boyer,Aland Islands,4100 Brycen Meadow,Elias Olson,Mellie95@hotmail.com,1-996-660-5841 x3848,,,
557,2024-07-01,"Macejkovic, Bradtke and Tillman",Lesotho,823 Emil Groves,Jordan Brown Jr.,Annabel_Hammes@gmail.com,600-782-4936 x89569,,,
558,2024-07-01,Howe - Johnston,Ethiopia,82551 Cynthia Track,Kristy Ankunding,Noah24@yahoo.com,(547) 628-7619,,,
559,2024-07-01,Welch - Walter,Samoa,27676 Keebler Mission,Tony Glover,Roslyn.Becker@yahoo.com,1-529-832-4795,,,
560,2024-07-01,Wunsch - Cormier,Eritrea,9204 Rita Villages,Gregory Daugherty,Boyd31@yahoo.com,711-891-6669 x858,,,
561,2024-07-02,"Schuster, Heidenreich and Nienow",Burkina Faso,141 Muller Shores,Guy Okuneva MD,Elyssa25@yahoo.com,662-435-3395,,,
562,2024-07-02,Will Inc,Svalbard & Jan Mayen Islands,446 Meadow Way,Melanie Mraz,Fletcher94@gmail.com,(882) 435-5846 x3735,,,
563,2024-07-02,Schimmel LLC,Iraq,2147 Larue Junction,Rolando McDermott,Trycia_Swift2@yahoo.com,1-890-255-3912 x99672,,,
564,2024-07-02,Spinka - Emmerich,Ireland,169 Swaniawski Parkway,Dr. Bernice Ratke,Alexa.Kuphal93@hotmail.com,728-702-0791 x154,,,
565,2024-07-01,Renner - Schmidt,Australia,59883 Kilback Forges,Kathy Prohaska,Thad_Langosh98@gmail.com,1-824-887-6991 x9835,,,
566,2024-07-01,"Donnelly, Reynolds and Kuhlman",Romania,2915 Deborah Rest,Rene Labadie,Mayra_Ernser82@yahoo.com,(359) 453-3473 x6344,,,
567,2024-07-02,Lakin - Herzog,Hong Kong,51130 Aiyana Isle,Russell Trantow MD,Ransom24@yahoo.com,979.690.3954 x63752,,,
568,2024-07-02,"Deckow, Okuneva and Schiller",Timor-Leste,277 County Road,Clay Pacocha,Leonardo.Walter29@yahoo.com,1-328-930-4244 x413,,,
569,2024-07-02,King - Hilpert,Romania,5686 O'Kon Pass,Cassandra Lockman,Rahsaan33@yahoo.com,395.725.1039 x5247,,,
570,2024-07-02,"Herzog, Bode and Green",Mongolia,96931 Gordon Road,Ms. Renee Ullrich,Johann_OConnell-Orn@yahoo.com,1-608-885-1312 x44394,,,
571,2024-07-02,Stehr Group,Switzerland,249 Parker Skyway,Drew Jacobs II,Clotilde_Wehner@yahoo.com,(249) 305-3045 x10753,,,
572,2024-07-02,"Reichel, Considine and Pacocha",Algeria,79059 E Central Avenue,Luther Torphy,Dee_Lubowitz@hotmail.com,1-652-307-0957 x12774,,,
573,2024-07-02,Nader - Parker,Canada,2659 Talbot Road,Georgia Marvin,Jameson_Moore90@hotmail.com,939.543.6788 x363,,,
574,2024-07-02,Fisher and Sons,Tokelau,41518 Reynolds Corners,Marsha Muller,Carson.Davis@yahoo.com,1-835-271-8714 x68028,,,
575,2024-07-02,Powlowski - Kris,Costa Rica,3822 East Street,Peter Cassin,Vesta.Friesen@gmail.com,1-631-302-3997 x9766,,,
576,2024-07-02,Muller - Wiza,Central African Republic,39857 Dickens Common,Essie Brakus,Sabryna.Kreiger@gmail.com,797-950-5849 x34612,,,
577,2024-07-02,Rodriguez - Monahan,Aruba,4107 Hansen Common,Vicki Schinner,Era_Dare20@gmail.com,1-546-932-8108,,,
578,2024-07-02,Langworth - O'Keefe,Benin,6049 Bednar Estates,Franklin Considine,Laurel20@hotmail.com,1-944-932-6003,,,
579,2024-07-01,Moore - Davis,Saint Kitts and Nevis,880 Kamren Ports,Jennie Langosh,Graciela_Hegmann27@hotmail.com,574.868.1047 x662,,,
580,2024-07-02,"Powlowski, Goldner and Pacocha",Puerto Rico,494 Hermiston Roads,Gwen Towne DDS,Zula_Raynor@gmail.com,578-306-2554,,,
581,2024-07-01,Senger - Williamson,Kuwait,73611 Winifred Rue,Shari Weber,Myrl.Leffler35@hotmail.com,(675) 429-4344 x9249,,,
582,2024-07-02,Dickinson and Sons,Guadeloupe,5686 E Pine Street,Wendell Stroman,Mikel66@hotmail.com,1-858-394-3711 x1934,,,
583,2024-07-01,Schaden LLC,China,70365 Norfolk Road,Lucas Hilll,Maxie.Will@yahoo.com,1-848-814-3174 x966,,,
584,2024-07-02,Crist and Sons,Israel,24785 Windler Knolls,Felix Heaney,Cheyenne57@yahoo.com,(694) 973-5002 x264,,,
585,2024-07-02,Lakin LLC,Saint Kitts and Nevis,61932 King Canyon,Hazel Tillman,Margret99@yahoo.com,485.992.6642,,,
586,2024-07-02,Hane and Sons,Burundi,85810 Kaylee Burg,Jack Crist,Madelynn73@yahoo.com,725.209.5966 x08108,,,
587,2024-07-02,Collier LLC,Panama,1246 Railroad Street,Mrs. Patricia Sporer,Charlie_Toy@gmail.com,420-584-6785 x9127,,,
588,2024-07-01,"Murray, VonRueden and Champlin",Saint Vincent and the Grenadines,9461 Alfonso Lane,Gwendolyn Kemmer I,London_Considine@yahoo.com,(773) 289-5354,,,
589,2024-07-01,"Weissnat, Herzog and Tillman",Portugal,3959 Weimann Key,Jermaine Miller,Hertha62@yahoo.com,1-212-700-5383 x117,,,
590,2024-07-01,Brakus - Roberts,Burundi,85974 Waelchi Roads,Nancy Cronin,Cordell16@yahoo.com,754-956-2006,,,
591,2024-07-02,Schowalter Group,Andorra,29117 Feest Squares,Joy Abbott,Ruthie_Schmitt-Fisher@hotmail.com,(595) 244-9470 x001,,,
592,2024-07-01,Lindgren Group,Sao Tome and Principe,708 Luettgen Orchard,Freda Klein,Jaeden_Reynolds@yahoo.com,269.364.1347 x589,,,
593,2024-07-02,Price - Gottlieb,Djibouti,56332 Blaise Walk,Mr. Jack Ankunding,Colton_Bayer39@yahoo.com,546.668.8036 x7753,,,
594,2024-07-01,"Hessel, Bogan and Armstrong",Slovakia,96698 N Bridge Street,Brendan Orn,Aric_Pouros@yahoo.com,1-954-572-6289 x3868,,,
595,2024-07-02,"Hahn, Orn and Rippin",Guinea,216 Rene Greens,Chester Tromp,Melisa_Mante@hotmail.com,1-231-694-1126 x08791,,,
596,2024-07-01,"Sawayn, West and Welch",Kuwait,617 Schamberger Glen,Miss Krystal Jakubowski-Johnston,Jalyn_Medhurst12@hotmail.com,814-610-5511,,,
597,2024-07-01,Fadel Group,Qatar,25148 S 6th Street,Shirley Schiller,Maci66@gmail.com,352.365.7138 x695,,,
598,2024-07-01,Gislason - Kohler,Grenada,55537 Conn Motorway,Guadalupe Pagac Jr.,Ilene.Hand55@hotmail.com,(378) 899-7844,,,
599,2024-07-02,Sanford - Daugherty,Tajikistan,2035 Waelchi Courts,Lewis Ondricka V,Retta70@gmail.com,556-668-7247,,,
600,2024-07-02,"Batz, Emard and Rice",Bhutan,62383 W 6th Street,Jo Carter DVM,Gerry.Windler@gmail.com,(954) 883-7486 x817,,,
